"","start_sites.sitename","start_Date","end_Date","climvar.val","climvar.class","month","rep.yrs"
"1","Smithsonian_Environmental_Research_Center","1996","2002","63.7999992370605","cld","02",7
"2","Smithsonian_Environmental_Research_Center","1996","2002","61.2999992370605","cld","04",7
"3","Smithsonian_Environmental_Research_Center","1996","2002","62.5","cld","05",7
"4","Smithsonian_Environmental_Research_Center","1996","2000","58.7999992370605","cld","08",5
"5","Smithsonian_Environmental_Research_Center","1997","2000","63.7999992370605","cld","01",4
"6","Smithsonian_Environmental_Research_Center","1996","1999","53.7999992370605","cld","10",4
"7","Smithsonian_Environmental_Research_Center","1999","2002","65","cld","12",4
"8","Smithsonian_Environmental_Research_Center","2000","2002","60","cld","07",3
"9","Smithsonian_Environmental_Research_Center","2000","2002","60","cld","11",3
"10","Smithsonian_Environmental_Research_Center","1960","1962","10.6999998092651","dtr","07",3
"11","Smithsonian_Environmental_Research_Center","1982","1985","1.70000004768372","pet","02",4
"12","Smithsonian_Environmental_Research_Center","1997","1999","1.30000007152557","pet","01",3
"13","Smithsonian_Environmental_Research_Center","1967","1969","1.39999997615814","pet","02",3
"14","Smithsonian_Environmental_Research_Center","1986","1988","2.79999995231628","pet","03",3
"15","Smithsonian_Environmental_Research_Center","1918","1920","3.29999995231628","pet","04",3
"16","Smithsonian_Environmental_Research_Center","1931","1933","3.40000009536743","pet","04",3
"17","Smithsonian_Environmental_Research_Center","2014","2016","3.79999995231628","pet","04",3
"18","Smithsonian_Environmental_Research_Center","1905","1907","3.90000009536743","pet","08",3
"19","Smithsonian_Environmental_Research_Center","1903","1905","3.29999995231628","pet","09",3
"20","Smithsonian_Environmental_Research_Center","1976","1978","3.5","pet","09",3
"21","Smithsonian_Environmental_Research_Center","1932","1934","2.5","pet","10",3
"22","Smithsonian_Environmental_Research_Center","1984","1986","2.60000014305115","pet","10",3
"23","Smithsonian_Environmental_Research_Center","1951","1953","1.60000002384186","pet","11",3
"24","Smithsonian_Environmental_Research_Center","2014","2016","1.89999997615814","pet","11",3
"25","Smithsonian_Environmental_Research_Center","1985","1987","1.39999997615814","pet","12",3
"26","Smithsonian_Environmental_Research_Center","1944","1946","-1.70000004768372","tmn","02",3
"27","Smithsonian_Environmental_Research_Center","1944","1946","-1.70000004768372","tmn","02",3
"28","Smithsonian_Environmental_Research_Center","1902","1904","17.7000007629395","vap","09",3
"29","Smithsonian_Environmental_Research_Center","2012","2014","6","vap","11",3
"30","Harvard_Forest","1961","1964","1","pet","02",4
"31","Harvard_Forest","2013","2016","3.10000014305115","pet","04",4
"32","Harvard_Forest","1914","1917","1.10000002384186","pet","11",4
"33","Harvard_Forest","1963","1966","0.699999988079071","pet","12",4
"34","Harvard_Forest","1915","1917","1","pet","01",3
"35","Harvard_Forest","1968","1970","0.699999988079071","pet","01",3
"36","Harvard_Forest","2003","2005","0.800000011920929","pet","01",3
"37","Harvard_Forest","1918","1920","1","pet","02",3
"38","Harvard_Forest","1940","1942","1","pet","02",3
"39","Harvard_Forest","1997","1999","1.20000004768372","pet","02",3
"40","Harvard_Forest","1992","1994","1.60000002384186","pet","03",3
"41","Harvard_Forest","1960","1962","3.40000009536743","pet","05",3
"42","Harvard_Forest","1980","1982","4.09999990463257","pet","05",3
"43","Harvard_Forest","1985","1987","3.90000009536743","pet","05",3
"44","Harvard_Forest","2017","2019","4.30000019073486","pet","06",3
"45","Harvard_Forest","2010","2012","4.80000019073486","pet","07",3
"46","Harvard_Forest","1929","1931","3.40000009536743","pet","08",3
"47","Harvard_Forest","1924","1926","2.60000014305115","pet","09",3
"48","Harvard_Forest","1989","1991","2.70000004768372","pet","09",3
"49","Harvard_Forest","1922","1924","2.10000014305115","pet","10",3
"50","Harvard_Forest","1943","1945","1.89999997615814","pet","10",3
"51","Harvard_Forest","1906","1908","1","pet","11",3
"52","Harvard_Forest","1979","1981","1.39999997615814","pet","11",3
"53","Harvard_Forest","1927","1929","0.900000035762787","pet","12",3
"54","Harvard_Forest","1942","1944","0.800000011920929","pet","12",3
"55","Harvard_Forest","1960","1962","0.600000023841858","pet","12",3
"56","Harvard_Forest","1974","1976","0.900000035762787","pet","12",3
"57","Harvard_Forest","1980","1982","0.900000035762787","pet","12",3
"58","Harvard_Forest","2014","2016","0.900000035762787","pet","12",3
"59","Harvard_Forest","1978","1980","1.80000007152557","vap","02",3
"60","Harvard_Forest","1939","1941","3.40000009536743","vap","03",3
"61","Harvard_Forest","1917","1919","5.70000028610229","vap","04",3
"62","Harvard_Forest","1946","1948","13.9000005722046","vap","06",3
"63","Harvard_Forest","2002","2004","8.5","vap","10",3
"64","Harvard_Forest","1943","1945","2.79999995231628","vap","12",3
"65","Smithsonian_Conservation_Biology_Institute","1996","2002","68.8000030517578","cld","02",7
"66","Smithsonian_Conservation_Biology_Institute","1996","2002","65","cld","05",7
"67","Smithsonian_Conservation_Biology_Institute","1996","2002","67.5","cld","11",7
"68","Smithsonian_Conservation_Biology_Institute","1996","2000","68.8000030517578","cld","01",5
"69","Smithsonian_Conservation_Biology_Institute","1996","2000","62.5","cld","08",5
"70","Smithsonian_Conservation_Biology_Institute","1999","2002","65","cld","04",4
"71","Smithsonian_Conservation_Biology_Institute","1999","2002","57.5","cld","10",4
"72","Smithsonian_Conservation_Biology_Institute","1999","2002","70","cld","12",4
"73","Smithsonian_Conservation_Biology_Institute","2000","2002","67.5","cld","03",3
"74","Smithsonian_Conservation_Biology_Institute","2000","2002","63.7999992370605","cld","07",3
"75","Smithsonian_Conservation_Biology_Institute","1920","1922","11.3000001907349","dtr","01",3
"76","Smithsonian_Conservation_Biology_Institute","1964","1966","15.1999998092651","dtr","05",3
"77","Smithsonian_Conservation_Biology_Institute","1949","1953","3.40000009536743","pet","04",5
"78","Smithsonian_Conservation_Biology_Institute","1980","1983","1.60000002384186","pet","02",4
"79","Smithsonian_Conservation_Biology_Institute","2016","2019","1.20000004768372","pet","12",4
"80","Smithsonian_Conservation_Biology_Institute","1963","1965","1.20000004768372","pet","01",3
"81","Smithsonian_Conservation_Biology_Institute","1969","1971","1","pet","01",3
"82","Smithsonian_Conservation_Biology_Institute","1983","1985","1.20000004768372","pet","01",3
"83","Smithsonian_Conservation_Biology_Institute","1997","1999","3.29999995231628","pet","04",3
"84","Smithsonian_Conservation_Biology_Institute","1999","2001","3.90000009536743","pet","05",3
"85","Smithsonian_Conservation_Biology_Institute","1953","1955","4.90000009536743","pet","07",3
"86","Smithsonian_Conservation_Biology_Institute","1959","1961","4.09999990463257","pet","07",3
"87","Smithsonian_Conservation_Biology_Institute","2010","2012","4.90000009536743","pet","07",3
"88","Smithsonian_Conservation_Biology_Institute","1984","1986","3.60000014305115","pet","08",3
"89","Smithsonian_Conservation_Biology_Institute","1958","1960","2.29999995231628","pet","10",3
"90","Smithsonian_Conservation_Biology_Institute","1968","1970","2.20000004768372","pet","10",3
"91","Smithsonian_Conservation_Biology_Institute","1982","1984","1.70000004768372","pet","11",3
"92","Smithsonian_Conservation_Biology_Institute","2003","2005","1.20000004768372","pet","12",3
"93","Smithsonian_Conservation_Biology_Institute","1993","1995","18.2000007629395","tmn","07",3
"94","Smithsonian_Conservation_Biology_Institute","1902","1904","22.2000007629395","tmp","08",3
"95","Smithsonian_Conservation_Biology_Institute","1993","1995","18.2000007629395","tmn","07",3
"96","Smithsonian_Conservation_Biology_Institute","1985","1987","15.4000005722046","tmx","03",3
"97","Smithsonian_Conservation_Biology_Institute","2016","2018","29.3999996185303","tmx","06",3
"98","Smithsonian_Conservation_Biology_Institute","1965","1967","20","tmx","10",3
"99","Smithsonian_Conservation_Biology_Institute","1943","1945","4.59999990463257","vap","02",3
"100","Lilly_Dickey_Woods","1996","2002","71.3000030517578","cld","01",7
"101","Lilly_Dickey_Woods","1996","2002","70","cld","02",7
"102","Lilly_Dickey_Woods","1996","2002","72.5","cld","03",7
"103","Lilly_Dickey_Woods","1996","2002","66.3000030517578","cld","04",7
"104","Lilly_Dickey_Woods","1996","2002","62.5","cld","05",7
"105","Lilly_Dickey_Woods","1996","2002","58.7999992370605","cld","06",7
"106","Lilly_Dickey_Woods","1996","2002","57.5","cld","07",7
"107","Lilly_Dickey_Woods","1996","2002","56.2999992370605","cld","08",7
"108","Lilly_Dickey_Woods","1996","2002","56.2999992370605","cld","09",7
"109","Lilly_Dickey_Woods","1996","2002","57.5","cld","10",7
"110","Lilly_Dickey_Woods","1996","2002","71.3000030517578","cld","11",7
"111","Lilly_Dickey_Woods","1996","2002","73.8000030517578","cld","12",7
"112","Lilly_Dickey_Woods","1968","1971","4","pet","08",4
"113","Lilly_Dickey_Woods","1903","1906","2.29999995231628","pet","10",4
"114","Lilly_Dickey_Woods","1992","1995","0.800000011920929","pet","12",4
"115","Lilly_Dickey_Woods","1980","1982","1","pet","02",3
"116","Lilly_Dickey_Woods","1997","1999","1.30000007152557","pet","02",3
"117","Lilly_Dickey_Woods","1990","1992","2.10000014305115","pet","03",3
"118","Lilly_Dickey_Woods","1967","1969","3.29999995231628","pet","04",3
"119","Lilly_Dickey_Woods","1989","1991","3","pet","04",3
"120","Lilly_Dickey_Woods","2009","2011","4.5","pet","06",3
"121","Lilly_Dickey_Woods","2015","2017","3.79999995231628","pet","08",3
"122","Lilly_Dickey_Woods","1942","1944","2.5","pet","10",3
"123","Lilly_Dickey_Woods","1915","1917","1.70000004768372","pet","11",3
"124","Lilly_Dickey_Woods","1926","1928","0.900000035762787","pet","12",3
"125","Lilly_Dickey_Woods","2007","2009","0.900000035762787","pet","12",3
"126","Lilly_Dickey_Woods","2016","2018","0.900000035762787","pet","12",3
"127","Lilly_Dickey_Woods","1964","1966","15.1000003814697","tmn","08",3
"128","Lilly_Dickey_Woods","1994","1996","5.90000009536743","tmn","10",3
"129","Lilly_Dickey_Woods","1964","1966","15.1000003814697","tmn","08",3
"130","Lilly_Dickey_Woods","1994","1996","5.90000009536743","tmn","10",3
"131","Lilly_Dickey_Woods","1943","1945","4.40000009536743","vap","02",3
"132","Lilly_Dickey_Woods","1915","1917","16.7000007629395","vap","06",3
"133","Lilly_Dickey_Woods","1961","1963","11.6000003814697","vap","10",3
"134","Lilly_Dickey_Woods","1986","1988","7.40000009536743","vap","11",3
"135","Ordway-Swisher","1996","2002","56.2999992370605","cld","02",7
"136","Ordway-Swisher","1996","2002","57.5","cld","05",7
"137","Ordway-Swisher","1996","2002","63.7999992370605","cld","07",7
"138","Ordway-Swisher","1997","2002","57.5","cld","01",6
"139","Ordway-Swisher","1996","2001","61.2999992370605","cld","08",6
"140","Ordway-Swisher","1997","2002","55","cld","10",6
"141","Ordway-Swisher","1999","2002","55","cld","03",4
"142","Ordway-Swisher","1999","2002","62.5","cld","09",4
"143","Ordway-Swisher","2000","2002","61.2999992370605","cld","06",3
"144","Ordway-Swisher","1999","2001","57.5","cld","12",3
"145","Ordway-Swisher","1948","1950","11.1000003814697","dtr","07",3
"146","Ordway-Swisher","1912","1916","4.5","pet","05",5
"147","Ordway-Swisher","1952","1955","1.89999997615814","pet","12",4
"148","Ordway-Swisher","1957","1959","4.09999990463257","pet","04",3
"149","Ordway-Swisher","1930","1932","4.70000028610229","pet","05",3
"150","Ordway-Swisher","1939","1941","4.40000009536743","pet","06",3
"151","Ordway-Swisher","1954","1956","4.80000019073486","pet","06",3
"152","Ordway-Swisher","1986","1988","4.59999990463257","pet","06",3
"153","Ordway-Swisher","1995","1997","4.30000019073486","pet","06",3
"154","Ordway-Swisher","1995","1997","4.40000009536743","pet","07",3
"155","Ordway-Swisher","1998","2000","4.5","pet","07",3
"156","Ordway-Swisher","1934","1936","3.79999995231628","pet","08",3
"157","Ordway-Swisher","2002","2004","3.90000009536743","pet","08",3
"158","Ordway-Swisher","1948","1950","2.90000009536743","pet","10",3
"159","Ordway-Swisher","1902","1904","2","pet","11",3
"160","Ordway-Swisher","1918","1920","2.20000004768372","pet","11",3
"161","Ordway-Swisher","1956","1958","2.40000009536743","pet","11",3
"162","Ordway-Swisher","1902","1904","1.89999997615814","pet","12",3
"163","Ordway-Swisher","1986","1988","2.10000014305115","pet","12",3
"164","Ordway-Swisher","1959","1961","26.3000011444092","tmp","09",3
"165","Ordway-Swisher","1907","1909","32.2999992370605","tmx","08",3
"166","Ordway-Swisher","1974","1976","15.6999998092651","vap","04",3
"167","Yosemite_National_Park","1996","2002","63.7999992370605","cld","01",7
"168","Yosemite_National_Park","1996","2002","61.2999992370605","cld","02",7
"169","Yosemite_National_Park","1996","2002","57.5","cld","03",7
"170","Yosemite_National_Park","1996","2002","53.7999992370605","cld","04",7
"171","Yosemite_National_Park","1996","2002","45","cld","05",7
"172","Yosemite_National_Park","1996","2002","35","cld","06",7
"173","Yosemite_National_Park","1996","2002","25","cld","07",7
"174","Yosemite_National_Park","1996","2002","27.5","cld","08",7
"175","Yosemite_National_Park","1996","2002","27.5","cld","09",7
"176","Yosemite_National_Park","1996","2002","37.5","cld","10",7
"177","Yosemite_National_Park","1996","2002","57.5","cld","11",7
"178","Yosemite_National_Park","1996","2002","61.2999992370605","cld","12",7
"179","Yosemite_National_Park","1933","1935","19.3999996185303","cld","09",3
"180","Yosemite_National_Park","1957","1962","1.10000002384186","pet","01",6
"181","Yosemite_National_Park","1963","1968","1","pet","12",6
"182","Yosemite_National_Park","1927","1930","1.10000002384186","pet","01",4
"183","Yosemite_National_Park","1987","1990","1","pet","01",4
"184","Yosemite_National_Park","1923","1926","1.20000004768372","pet","12",4
"185","Yosemite_National_Park","1939","1941","1.10000002384186","pet","01",3
"186","Yosemite_National_Park","1966","1968","1.10000002384186","pet","01",3
"187","Yosemite_National_Park","1902","1904","1.5","pet","02",3
"188","Yosemite_National_Park","1916","1918","1.5","pet","02",3
"189","Yosemite_National_Park","1994","1996","1.39999997615814","pet","02",3
"190","Yosemite_National_Park","2008","2010","1.39999997615814","pet","02",3
"191","Yosemite_National_Park","1989","1991","5.80000019073486","pet","08",3
"192","Yosemite_National_Park","1906","1908","1.80000007152557","pet","11",3
"193","Yosemite_National_Park","1982","1984","1.30000007152557","pet","11",3
"194","Yosemite_National_Park","1996","1998","1.39999997615814","pet","11",3
"195","Yosemite_National_Park","2001","2003","1.39999997615814","pet","11",3
"196","Yosemite_National_Park","1906","1908","1","pet","12",3
"197","Yosemite_National_Park","1950","1952","1","pet","12",3
"198","Yosemite_National_Park","1970","1972","1","pet","12",3
"199","Yosemite_National_Park","1995","1997","1","pet","12",3
"200","Yosemite_National_Park","2001","2003","1","pet","12",3
"201","Yosemite_National_Park","1907","1909","9.19999980926514","tmp","04",3
"202","Yosemite_National_Park","1933","1935","2.40000009536743","tmp","12",3
"203","Yosemite_National_Park","1989","1991","31.7000007629395","tmx","07",3
"204","Yosemite_National_Park","1921","1923","5.5","vap","05",3
"205","Yosemite_National_Park","1909","1911","7.30000019073486","vap","07",3
"206","Yosemite_National_Park","2006","2008","5","vap","12",3
"207","Yosemite_National_Park","1926","1928","0.049999997","wet","07",3
"208","Yosemite_National_Park","2008","2010","0.079999998","wet","07",3
"209","Yosemite_National_Park","1909","1911","0.01","wet","08",3
"210","Wind_River","1931","1933","80.3000030517578","cld","02",3
"211","Wind_River","1933","1935","7.20000028610229","dtr","01",3
"212","Wind_River","1979","1985","0.5","pet","01",7
"213","Wind_River","1993","1997","0.400000005960464","pet","01",5
"214","Wind_River","1968","1972","2.70000004768372","pet","09",5
"215","Wind_River","1945","1948","0.5","pet","01",4
"216","Wind_River","1911","1914","0.800000011920929","pet","02",4
"217","Wind_River","1943","1946","0.800000011920929","pet","02",4
"218","Wind_River","2005","2008","0.600000023841858","pet","11",4
"219","Wind_River","2014","2017","0.400000005960464","pet","12",4
"220","Wind_River","1964","1966","0.5","pet","01",3
"221","Wind_River","1968","1970","0.5","pet","01",3
"222","Wind_River","1990","1992","0.600000023841858","pet","01",3
"223","Wind_River","2016","2018","0.5","pet","01",3
"224","Wind_River","1902","1904","0.699999988079071","pet","02",3
"225","Wind_River","1938","1940","0.800000011920929","pet","02",3
"226","Wind_River","1942","1944","1.39999997615814","pet","03",3
"227","Wind_River","1951","1953","1.20000004768372","pet","03",3
"228","Wind_River","1960","1962","1.20000004768372","pet","03",3
"229","Wind_River","1901","1903","1.89999997615814","pet","04",3
"230","Wind_River","1934","1936","3.40000009536743","pet","05",3
"231","Wind_River","2010","2012","3.20000004768372","pet","06",3
"232","Wind_River","1905","1907","2.79999995231628","pet","09",3
"233","Wind_River","1902","1904","1.60000002384186","pet","10",3
"234","Wind_River","1909","1911","1.5","pet","10",3
"235","Wind_River","1938","1940","1.5","pet","10",3
"236","Wind_River","1949","1951","1.20000004768372","pet","10",3
"237","Wind_River","1959","1961","1.39999997615814","pet","10",3
"238","Wind_River","1967","1969","1.30000007152557","pet","10",3
"239","Wind_River","1901","1903","0.600000023841858","pet","11",3
"240","Wind_River","1930","1932","0.600000023841858","pet","11",3
"241","Wind_River","1943","1945","0.300000011920929","pet","12",3
"242","Wind_River","1964","1966","0.400000005960464","pet","12",3
"243","Wind_River","1976","1978","0.5","pet","12",3
"244","Wind_River","1993","1995","0.400000005960464","pet","12",3
"245","Wind_River","1997","1999","0.300000011920929","pet","12",3
"246","Wind_River","2000","2002","0.600000023841858","pet","12",3
"247","Wind_River","2005","2007","0.400000005960464","pet","12",3
"248","Wind_River","1945","1947","6.09999990463257","vap","02",3
"249","Wind_River","1960","1962","7.5","vap","04",3
"250","Wind_River","1902","1904","9.5","vap","09",3
"251","Wind_River","1987","1989","7.59999990463257","vap","11",3
"252","Utah_Forest_Dynamics_Plot","1996","2002","56.2999992370605","cld","01",7
"253","Utah_Forest_Dynamics_Plot","1996","2002","58.7999992370605","cld","02",7
"254","Utah_Forest_Dynamics_Plot","1996","2002","57.5","cld","03",7
"255","Utah_Forest_Dynamics_Plot","1996","2002","53.7999992370605","cld","04",7
"256","Utah_Forest_Dynamics_Plot","1996","2002","50","cld","05",7
"257","Utah_Forest_Dynamics_Plot","1996","2002","37.5","cld","06",7
"258","Utah_Forest_Dynamics_Plot","1996","2002","41.2999992370605","cld","07",7
"259","Utah_Forest_Dynamics_Plot","1996","2002","40","cld","08",7
"260","Utah_Forest_Dynamics_Plot","1996","2002","33.7999992370605","cld","09",7
"261","Utah_Forest_Dynamics_Plot","1996","2002","40","cld","10",7
"262","Utah_Forest_Dynamics_Plot","1996","2002","53.7999992370605","cld","11",7
"263","Utah_Forest_Dynamics_Plot","1996","2002","55","cld","12",7
"264","Utah_Forest_Dynamics_Plot","2015","2018","7.30000019073486","pet","06",4
"265","Utah_Forest_Dynamics_Plot","2004","2007","4.70000028610229","pet","09",4
"266","Utah_Forest_Dynamics_Plot","1970","1972","1.60000002384186","pet","01",3
"267","Utah_Forest_Dynamics_Plot","1951","1953","3.90000009536743","pet","04",3
"268","Utah_Forest_Dynamics_Plot","1985","1987","7.09999990463257","pet","06",3
"269","Utah_Forest_Dynamics_Plot","1946","1948","6.90000009536743","pet","07",3
"270","Utah_Forest_Dynamics_Plot","1952","1954","6.90000009536743","pet","07",3
"271","Utah_Forest_Dynamics_Plot","1982","1984","6.5","pet","07",3
"272","Utah_Forest_Dynamics_Plot","1987","1989","5.90000009536743","pet","08",3
"273","Utah_Forest_Dynamics_Plot","1998","2000","4.90000009536743","pet","09",3
"274","Utah_Forest_Dynamics_Plot","1990","1992","3.60000014305115","pet","10",3
"275","Utah_Forest_Dynamics_Plot","1991","1993","1.80000007152557","pet","11",3
"276","Utah_Forest_Dynamics_Plot","1918","1920","1.39999997615814","pet","12",3
"277","Utah_Forest_Dynamics_Plot","1947","1949","1.20000004768372","pet","12",3
"278","Utah_Forest_Dynamics_Plot","1952","1954","1.39999997615814","pet","12",3
"279","Utah_Forest_Dynamics_Plot","2004","2006","1.30000007152557","pet","12",3
"280","Utah_Forest_Dynamics_Plot","1924","1926","3.70000004768372","tmn","09",3
"281","Utah_Forest_Dynamics_Plot","1977","1979","19.7000007629395","tmp","07",3
"282","Utah_Forest_Dynamics_Plot","1924","1926","3.70000004768372","tmn","09",3
"283","Utah_Forest_Dynamics_Plot","1952","1954","5.20000028610229","tmx","12",3
"284","Utah_Forest_Dynamics_Plot","1929","1931","2.20000004768372","vap","01",3
"285","Utah_Forest_Dynamics_Plot","1956","1958","3","vap","04",3
"286","Utah_Forest_Dynamics_Plot","1920","1922","3.70000004768372","vap","05",3
"287","Utah_Forest_Dynamics_Plot","1941","1943","4.30000019073486","vap","10",3
"288","Huai_Kha_Khaeng","1901","1916","31.3000011444092","cld","02",16
"289","Huai_Kha_Khaeng","1901","1916","72.5","cld","05",16
"290","Huai_Kha_Khaeng","1901","1915","40","cld","04",15
"291","Huai_Kha_Khaeng","1901","1915","87.5","cld","07",15
"292","Huai_Kha_Khaeng","1901","1915","83.8000030517578","cld","09",15
"293","Huai_Kha_Khaeng","1901","1915","25","cld","12",15
"294","Huai_Kha_Khaeng","1901","1913","31.3000011444092","cld","01",13
"295","Huai_Kha_Khaeng","1901","1912","87.5","cld","06",12
"296","Huai_Kha_Khaeng","1901","1912","90","cld","08",12
"297","Huai_Kha_Khaeng","1901","1912","45","cld","11",12
"298","Huai_Kha_Khaeng","1901","1911","32.5","cld","03",11
"299","Huai_Kha_Khaeng","1901","1911","66.3000030517578","cld","10",11
"300","Huai_Kha_Khaeng","1913","1915","32.5","cld","03",3
"301","Huai_Kha_Khaeng","1993","1995","90","cld","08",3
"302","Huai_Kha_Khaeng","1913","1915","66.3000030517578","cld","10",3
"303","Huai_Kha_Khaeng","2019","1936","17.3000011444092","dtr","03",37
"304","Huai_Kha_Khaeng","1901","1936","16.7000007629395","dtr","01",36
"305","Huai_Kha_Khaeng","1901","1936","17.7000007629395","dtr","02",36
"306","Huai_Kha_Khaeng","1901","1936","14.6999998092651","dtr","04",36
"307","Huai_Kha_Khaeng","1901","1936","10.9000005722046","dtr","05",36
"308","Huai_Kha_Khaeng","1901","1936","8.10000038146973","dtr","06",36
"309","Huai_Kha_Khaeng","1901","1936","8","dtr","07",36
"310","Huai_Kha_Khaeng","1901","1936","7.59999990463257","dtr","08",36
"311","Huai_Kha_Khaeng","1901","1936","9.40000057220459","dtr","10",36
"312","Huai_Kha_Khaeng","1901","1935","8.30000019073486","dtr","09",35
"313","Huai_Kha_Khaeng","1901","1935","11.6000003814697","dtr","11",35
"314","Huai_Kha_Khaeng","1901","1935","15","dtr","12",35
"315","Huai_Kha_Khaeng","1950","1953","8.5","dtr","09",4
"316","Huai_Kha_Khaeng","2013","2015","14.5","dtr","04",3
"317","Huai_Kha_Khaeng","2017","2019","8.80000019073486","dtr","09",3
"318","Huai_Kha_Khaeng","1901","1915","2.90000009536743","pet","10",15
"319","Huai_Kha_Khaeng","1906","1916","2.79999995231628","pet","07",11
"320","Huai_Kha_Khaeng","1907","1914","3.90000009536743","pet","02",8
"321","Huai_Kha_Khaeng","1902","1909","2.70000004768372","pet","09",8
"322","Huai_Kha_Khaeng","2019","1906","2.70000004768372","pet","08",7
"323","Huai_Kha_Khaeng","1904","1909","4.70000028610229","pet","03",6
"324","Huai_Kha_Khaeng","1921","1926","2.5","pet","09",6
"325","Huai_Kha_Khaeng","1907","1911","3.5","pet","05",5
"326","Huai_Kha_Khaeng","1913","1917","3.5","pet","05",5
"327","Huai_Kha_Khaeng","1940","1944","2.60000014305115","pet","08",5
"328","Huai_Kha_Khaeng","1911","1915","2.70000004768372","pet","09",5
"329","Huai_Kha_Khaeng","1963","1967","2.60000014305115","pet","09",5
"330","Huai_Kha_Khaeng","1971","1975","2.90000009536743","pet","12",5
"331","Huai_Kha_Khaeng","1956","1959","3.29999995231628","pet","01",4
"332","Huai_Kha_Khaeng","1988","1991","3.20000004768372","pet","01",4
"333","Huai_Kha_Khaeng","2015","2018","3","pet","01",4
"334","Huai_Kha_Khaeng","1928","1931","3.90000009536743","pet","02",4
"335","Huai_Kha_Khaeng","1938","1941","3.90000009536743","pet","02",4
"336","Huai_Kha_Khaeng","1913","1916","4.70000028610229","pet","03",4
"337","Huai_Kha_Khaeng","1912","1915","4.90000009536743","pet","04",4
"338","Huai_Kha_Khaeng","1908","1911","2.79999995231628","pet","06",4
"339","Huai_Kha_Khaeng","1913","1916","2.79999995231628","pet","06",4
"340","Huai_Kha_Khaeng","1987","1990","2.79999995231628","pet","06",4
"341","Huai_Kha_Khaeng","1922","1925","2.60000014305115","pet","07",4
"342","Huai_Kha_Khaeng","1943","1946","2.79999995231628","pet","07",4
"343","Huai_Kha_Khaeng","1931","1934","2.5","pet","08",4
"344","Huai_Kha_Khaeng","1948","1951","2.70000004768372","pet","08",4
"345","Huai_Kha_Khaeng","1971","1974","2.60000014305115","pet","08",4
"346","Huai_Kha_Khaeng","1926","1929","2.90000009536743","pet","11",4
"347","Huai_Kha_Khaeng","1927","1930","3.10000014305115","pet","12",4
"348","Huai_Kha_Khaeng","1907","1909","3.10000014305115","pet","01",3
"349","Huai_Kha_Khaeng","1911","1913","3.10000014305115","pet","01",3
"350","Huai_Kha_Khaeng","1922","1924","3.20000004768372","pet","01",3
"351","Huai_Kha_Khaeng","1929","1931","3.20000004768372","pet","01",3
"352","Huai_Kha_Khaeng","1985","1987","3.10000014305115","pet","01",3
"353","Huai_Kha_Khaeng","2000","2002","3","pet","01",3
"354","Huai_Kha_Khaeng","2003","2005","3.20000004768372","pet","01",3
"355","Huai_Kha_Khaeng","1925","1927","3.79999995231628","pet","02",3
"356","Huai_Kha_Khaeng","1956","1958","3.90000009536743","pet","02",3
"357","Huai_Kha_Khaeng","1981","1983","3.90000009536743","pet","02",3
"358","Huai_Kha_Khaeng","1939","1941","4.70000028610229","pet","03",3
"359","Huai_Kha_Khaeng","1953","1955","4.80000019073486","pet","03",3
"360","Huai_Kha_Khaeng","1907","1909","4.90000009536743","pet","04",3
"361","Huai_Kha_Khaeng","1932","1934","4.80000019073486","pet","04",3
"362","Huai_Kha_Khaeng","1936","1938","4.90000009536743","pet","04",3
"363","Huai_Kha_Khaeng","2007","2009","4.70000028610229","pet","04",3
"364","Huai_Kha_Khaeng","1901","1903","2.90000009536743","pet","06",3
"365","Huai_Kha_Khaeng","1905","1907","2.90000009536743","pet","06",3
"366","Huai_Kha_Khaeng","1919","1921","2.79999995231628","pet","06",3
"367","Huai_Kha_Khaeng","1922","1924","2.70000004768372","pet","06",3
"368","Huai_Kha_Khaeng","1948","1950","2.90000009536743","pet","06",3
"369","Huai_Kha_Khaeng","1956","1958","2.90000009536743","pet","06",3
"370","Huai_Kha_Khaeng","1926","1928","2.70000004768372","pet","07",3
"371","Huai_Kha_Khaeng","1939","1941","2.79999995231628","pet","07",3
"372","Huai_Kha_Khaeng","1989","1991","2.79999995231628","pet","07",3
"373","Huai_Kha_Khaeng","2015","2017","2.79999995231628","pet","07",3
"374","Huai_Kha_Khaeng","1907","1909","2.60000014305115","pet","08",3
"375","Huai_Kha_Khaeng","1914","1916","2.60000014305115","pet","08",3
"376","Huai_Kha_Khaeng","1962","1964","2.70000004768372","pet","08",3
"377","Huai_Kha_Khaeng","1994","1996","2.60000014305115","pet","08",3
"378","Huai_Kha_Khaeng","1930","1932","2.40000009536743","pet","09",3
"379","Huai_Kha_Khaeng","1940","1942","2.70000004768372","pet","09",3
"380","Huai_Kha_Khaeng","1945","1947","2.60000014305115","pet","09",3
"381","Huai_Kha_Khaeng","1956","1958","2.60000014305115","pet","09",3
"382","Huai_Kha_Khaeng","1975","1977","2.60000014305115","pet","09",3
"383","Huai_Kha_Khaeng","1988","1990","2.79999995231628","pet","09",3
"384","Huai_Kha_Khaeng","2003","2005","2.5","pet","09",3
"385","Huai_Kha_Khaeng","1935","1937","2.90000009536743","pet","10",3
"386","Huai_Kha_Khaeng","1949","1951","2.90000009536743","pet","10",3
"387","Huai_Kha_Khaeng","1954","1956","2.90000009536743","pet","10",3
"388","Huai_Kha_Khaeng","1965","1967","2.90000009536743","pet","10",3
"389","Huai_Kha_Khaeng","1976","1978","2.90000009536743","pet","10",3
"390","Huai_Kha_Khaeng","1989","1991","2.79999995231628","pet","10",3
"391","Huai_Kha_Khaeng","1938","1940","3","pet","11",3
"392","Huai_Kha_Khaeng","1941","1943","2.79999995231628","pet","11",3
"393","Huai_Kha_Khaeng","1945","1947","3","pet","11",3
"394","Huai_Kha_Khaeng","1972","1974","2.79999995231628","pet","11",3
"395","Huai_Kha_Khaeng","1919","1921","3","pet","12",3
"396","Huai_Kha_Khaeng","1924","1926","2.90000009536743","pet","12",3
"397","Huai_Kha_Khaeng","1931","1933","2.90000009536743","pet","12",3
"398","Huai_Kha_Khaeng","1942","1944","2.90000009536743","pet","12",3
"399","Huai_Kha_Khaeng","1952","1954","3","pet","12",3
"400","Huai_Kha_Khaeng","1965","1967","3","pet","12",3
"401","Huai_Kha_Khaeng","2010","2012","3.10000014305115","pet","12",3
"402","Huai_Kha_Khaeng","1931","1934","0.100000001490116","pre","01",4
"403","Huai_Kha_Khaeng","1980","1982","0.100000001490116","pre","01",3
"404","Huai_Kha_Khaeng","1904","1906","5.5","pre","02",3
"405","Huai_Kha_Khaeng","1946","1948","0.100000001490116","pre","12",3
"406","Huai_Kha_Khaeng","1926","1928","17.3999996185303","tmn","03",3
"407","Huai_Kha_Khaeng","2000","2002","21.3999996185303","tmn","05",3
"408","Huai_Kha_Khaeng","1948","1950","21.3999996185303","tmn","07",3
"409","Huai_Kha_Khaeng","1973","1975","21.7000007629395","tmn","08",3
"410","Huai_Kha_Khaeng","1983","1985","21.3000011444092","tmn","08",3
"411","Huai_Kha_Khaeng","1992","1994","21.8999996185303","tmn","08",3
"412","Huai_Kha_Khaeng","2017","2019","21.2000007629395","tmn","10",3
"413","Huai_Kha_Khaeng","1926","1928","26","tmp","03",3
"414","Huai_Kha_Khaeng","1999","2001","25.7000007629395","tmp","06",3
"415","Huai_Kha_Khaeng","1947","1949","25.6000003814697","tmp","07",3
"416","Huai_Kha_Khaeng","1951","1953","25.3999996185303","tmp","07",3
"417","Huai_Kha_Khaeng","1957","1959","25","tmp","10",3
"418","Huai_Kha_Khaeng","1980","1982","25.1000003814697","tmp","10",3
"419","Huai_Kha_Khaeng","1926","1928","17.3999996185303","tmn","03",3
"420","Huai_Kha_Khaeng","2000","2002","21.3999996185303","tmn","05",3
"421","Huai_Kha_Khaeng","1948","1950","21.3999996185303","tmn","07",3
"422","Huai_Kha_Khaeng","1973","1975","21.7000007629395","tmn","08",3
"423","Huai_Kha_Khaeng","1983","1985","21.3000011444092","tmn","08",3
"424","Huai_Kha_Khaeng","1992","1994","21.8999996185303","tmn","08",3
"425","Huai_Kha_Khaeng","2017","2019","21.2000007629395","tmn","10",3
"426","Huai_Kha_Khaeng","1958","1960","31.2000007629395","tmx","01",3
"427","Huai_Kha_Khaeng","1926","1928","34.7000007629395","tmx","03",3
"428","Huai_Kha_Khaeng","1962","1964","29.2000007629395","tmx","08",3
"429","Huai_Kha_Khaeng","2012","2014","29.5","tmx","08",3
"430","Huai_Kha_Khaeng","1964","1966","29.3000011444092","tmx","09",3
"431","Huai_Kha_Khaeng","1989","1991","30.1000003814697","tmx","10",3
"432","Huai_Kha_Khaeng","1950","1952","29.7000007629395","tmx","11",3
"433","Huai_Kha_Khaeng","1974","1976","27.6000003814697","vap","06",3
"434","Huai_Kha_Khaeng","1946","1948","27.8999996185303","vap","09",3
"435","Huai_Kha_Khaeng","1931","1936","0.02","wet","01",6
"436","Huai_Kha_Khaeng","1987","1990","0.01","wet","12",4
"437","Huai_Kha_Khaeng","1980","1982","0.02","wet","01",3
"438","Huai_Kha_Khaeng","1904","1906","0.870000005","wet","02",3
"439","Huai_Kha_Khaeng","1927","1929","0.01","wet","12",3
"440","Huai_Kha_Khaeng","1956","1958","0.01","wet","12",3
"441","Huai_Kha_Khaeng","1978","1980","0.01","wet","12",3
"442","Barro_Colorado_Island","1901","1929","43.7999992370605","cld","03",29
"443","Barro_Colorado_Island","1901","1929","46.2999992370605","cld","04",29
"444","Barro_Colorado_Island","1901","1929","65","cld","09",29
"445","Barro_Colorado_Island","1901","1929","66.3000030517578","cld","10",29
"446","Barro_Colorado_Island","1901","1927","40","cld","02",27
"447","Barro_Colorado_Island","1910","1925","63.7999992370605","cld","07",16
"448","Barro_Colorado_Island","1901","1916","65","cld","11",16
"449","Barro_Colorado_Island","1915","1929","61.2999992370605","cld","05",15
"450","Barro_Colorado_Island","1918","1930","65","cld","11",13
"451","Barro_Colorado_Island","1910","1921","62.5","cld","06",12
"452","Barro_Colorado_Island","1915","1924","60","cld","12",10
"453","Barro_Colorado_Island","1910","1918","50","cld","01",9
"454","Barro_Colorado_Island","1914","1921","65","cld","08",8
"455","Barro_Colorado_Island","1901","1907","50","cld","01",7
"456","Barro_Colorado_Island","1920","1926","50","cld","01",7
"457","Barro_Colorado_Island","1923","1929","62.5","cld","06",7
"458","Barro_Colorado_Island","1901","1907","60","cld","12",7
"459","Barro_Colorado_Island","1902","1907","61.2999992370605","cld","05",6
"460","Barro_Colorado_Island","1902","1907","62.5","cld","06",6
"461","Barro_Colorado_Island","1991","1995","46.2999992370605","cld","04",5
"462","Barro_Colorado_Island","1902","1905","63.7999992370605","cld","07",4
"463","Barro_Colorado_Island","1902","1905","65","cld","08",4
"464","Barro_Colorado_Island","1992","1995","66.3000030517578","cld","10",4
"465","Barro_Colorado_Island","1992","1995","65","cld","11",4
"466","Barro_Colorado_Island","1939","1941","42.9000015258789","cld","03",3
"467","Barro_Colorado_Island","1993","1995","43.7999992370605","cld","03",3
"468","Barro_Colorado_Island","1993","1995","61.2999992370605","cld","05",3
"469","Barro_Colorado_Island","1993","1995","62.5","cld","06",3
"470","Barro_Colorado_Island","1993","1995","63.7999992370605","cld","07",3
"471","Barro_Colorado_Island","1927","1929","65","cld","08",3
"472","Barro_Colorado_Island","1993","1995","65","cld","08",3
"473","Barro_Colorado_Island","1993","1995","65","cld","09",3
"474","Barro_Colorado_Island","1993","1995","60","cld","12",3
"475","Barro_Colorado_Island","1901","1941","6.70000028610229","dtr","01",41
"476","Barro_Colorado_Island","1901","1941","7.30000019073486","dtr","02",41
"477","Barro_Colorado_Island","1901","1941","6.90000009536743","dtr","03",41
"478","Barro_Colorado_Island","1901","1940","6.90000009536743","dtr","04",40
"479","Barro_Colorado_Island","1901","1940","6.59999990463257","dtr","05",40
"480","Barro_Colorado_Island","1901","1940","6.30000019073486","dtr","06",40
"481","Barro_Colorado_Island","1901","1940","6.30000019073486","dtr","07",40
"482","Barro_Colorado_Island","1901","1940","6.20000028610229","dtr","08",40
"483","Barro_Colorado_Island","1901","1940","6.5","dtr","09",40
"484","Barro_Colorado_Island","1901","1940","6.5","dtr","10",40
"485","Barro_Colorado_Island","1901","1940","5.90000009536743","dtr","11",40
"486","Barro_Colorado_Island","1901","1940","6.40000009536743","dtr","12",40
"487","Barro_Colorado_Island","1991","2008","6.30000019073486","dtr","07",18
"488","Barro_Colorado_Island","1991","2002","6.90000009536743","dtr","03",12
"489","Barro_Colorado_Island","1998","2007","6.90000009536743","dtr","04",10
"490","Barro_Colorado_Island","1991","1997","6.70000028610229","dtr","01",7
"491","Barro_Colorado_Island","1990","1996","6.30000019073486","dtr","06",7
"492","Barro_Colorado_Island","1991","1997","6.40000009536743","dtr","12",7
"493","Barro_Colorado_Island","1997","2002","7.30000019073486","dtr","02",6
"494","Barro_Colorado_Island","1991","1996","6.90000009536743","dtr","04",6
"495","Barro_Colorado_Island","1992","1997","6.59999990463257","dtr","05",6
"496","Barro_Colorado_Island","1999","2003","6.70000028610229","dtr","01",5
"497","Barro_Colorado_Island","1991","1995","7.30000019073486","dtr","02",5
"498","Barro_Colorado_Island","2004","2008","6.90000009536743","dtr","03",5
"499","Barro_Colorado_Island","1991","1995","6.20000028610229","dtr","08",5
"500","Barro_Colorado_Island","1999","2003","6.20000028610229","dtr","08",5
"501","Barro_Colorado_Island","1991","1995","6.5","dtr","09",5
"502","Barro_Colorado_Island","1991","1995","6.5","dtr","10",5
"503","Barro_Colorado_Island","1991","1995","5.90000009536743","dtr","11",5
"504","Barro_Colorado_Island","2004","2007","7.30000019073486","dtr","02",4
"505","Barro_Colorado_Island","1949","1952","6.90000009536743","dtr","04",4
"506","Barro_Colorado_Island","1949","1952","6.59999990463257","dtr","05",4
"507","Barro_Colorado_Island","1999","2002","6.59999990463257","dtr","05",4
"508","Barro_Colorado_Island","1949","1952","6.30000019073486","dtr","06",4
"509","Barro_Colorado_Island","1999","2002","6.30000019073486","dtr","06",4
"510","Barro_Colorado_Island","2013","2016","6.09999990463257","dtr","06",4
"511","Barro_Colorado_Island","1949","1952","6.20000028610229","dtr","08",4
"512","Barro_Colorado_Island","1999","2002","5.90000009536743","dtr","11",4
"513","Barro_Colorado_Island","2013","2015","6.30000019073486","dtr","02",3
"514","Barro_Colorado_Island","1946","1948","6.80000019073486","dtr","05",3
"515","Barro_Colorado_Island","1950","1952","6.30000019073486","dtr","07",3
"516","Barro_Colorado_Island","1966","1968","6.40000009536743","dtr","07",3
"517","Barro_Colorado_Island","1984","1986","5.80000019073486","dtr","08",3
"518","Barro_Colorado_Island","1950","1952","6.5","dtr","09",3
"519","Barro_Colorado_Island","1999","2001","6.5","dtr","09",3
"520","Barro_Colorado_Island","2014","2016","6.30000019073486","dtr","09",3
"521","Barro_Colorado_Island","1999","2001","6.5","dtr","10",3
"522","Barro_Colorado_Island","2014","2016","6.20000028610229","dtr","10",3
"523","Barro_Colorado_Island","2017","2019","6.5","dtr","10",3
"524","Barro_Colorado_Island","1999","2001","6.40000009536743","dtr","12",3
"525","Barro_Colorado_Island","2005","2007","6.40000009536743","dtr","12",3
"526","Barro_Colorado_Island","1901","1923","3.29999995231628","pet","09",23
"527","Barro_Colorado_Island","1901","1920","2.90000009536743","pet","11",20
"528","Barro_Colorado_Island","2019","1916","4.80000019073486","pet","03",17
"529","Barro_Colorado_Island","1901","1916","3.70000004768372","pet","01",16
"530","Barro_Colorado_Island","1901","1916","4.59999990463257","pet","02",16
"531","Barro_Colorado_Island","1901","1916","3.40000009536743","pet","06",16
"532","Barro_Colorado_Island","1901","1915","4.70000028610229","pet","04",15
"533","Barro_Colorado_Island","1901","1914","3.60000014305115","pet","05",14
"534","Barro_Colorado_Island","1901","1914","3.40000009536743","pet","07",14
"535","Barro_Colorado_Island","1901","1914","3.29999995231628","pet","08",14
"536","Barro_Colorado_Island","1901","1914","3","pet","10",14
"537","Barro_Colorado_Island","1901","1914","3","pet","12",14
"538","Barro_Colorado_Island","1916","1925","3.29999995231628","pet","08",10
"539","Barro_Colorado_Island","1916","1924","3","pet","12",9
"540","Barro_Colorado_Island","1918","1924","4.59999990463257","pet","02",7
"541","Barro_Colorado_Island","1934","1940","3.40000009536743","pet","06",7
"542","Barro_Colorado_Island","1916","1922","3.40000009536743","pet","07",7
"543","Barro_Colorado_Island","1919","1924","3","pet","10",6
"544","Barro_Colorado_Island","1926","1931","2.90000009536743","pet","11",6
"545","Barro_Colorado_Island","1991","1996","2.90000009536743","pet","11",6
"546","Barro_Colorado_Island","1918","1922","3.70000004768372","pet","01",5
"547","Barro_Colorado_Island","2007","2011","4.70000028610229","pet","04",5
"548","Barro_Colorado_Island","1935","1939","3.5","pet","07",5
"549","Barro_Colorado_Island","1925","1929","3.29999995231628","pet","09",5
"550","Barro_Colorado_Island","1926","1930","3","pet","10",5
"551","Barro_Colorado_Island","1936","1940","3.10000014305115","pet","10",5
"552","Barro_Colorado_Island","1991","1995","3.10000014305115","pet","10",5
"553","Barro_Colorado_Island","1943","1946","4.70000028610229","pet","03",4
"554","Barro_Colorado_Island","1917","1920","4.70000028610229","pet","04",4
"555","Barro_Colorado_Island","1928","1931","3.60000014305115","pet","05",4
"556","Barro_Colorado_Island","1974","1977","3.5","pet","05",4
"557","Barro_Colorado_Island","2009","2012","3.70000004768372","pet","05",4
"558","Barro_Colorado_Island","2007","2010","3.40000009536743","pet","06",4
"559","Barro_Colorado_Island","1987","1990","3.40000009536743","pet","07",4
"560","Barro_Colorado_Island","1927","1930","3.29999995231628","pet","08",4
"561","Barro_Colorado_Island","1961","1964","3.5","pet","08",4
"562","Barro_Colorado_Island","1978","1981","3.29999995231628","pet","09",4
"563","Barro_Colorado_Island","2015","2018","3.40000009536743","pet","09",4
"564","Barro_Colorado_Island","1937","1940","2.90000009536743","pet","11",4
"565","Barro_Colorado_Island","1953","1956","3","pet","11",4
"566","Barro_Colorado_Island","1928","1930","3.70000004768372","pet","01",3
"567","Barro_Colorado_Island","1937","1939","3.70000004768372","pet","01",3
"568","Barro_Colorado_Island","1961","1963","3.90000009536743","pet","01",3
"569","Barro_Colorado_Island","1928","1930","4.70000028610229","pet","02",3
"570","Barro_Colorado_Island","2011","2013","4.59999990463257","pet","02",3
"571","Barro_Colorado_Island","1921","1923","4.70000028610229","pet","03",3
"572","Barro_Colorado_Island","1927","1929","4.70000028610229","pet","03",3
"573","Barro_Colorado_Island","1938","1940","4.70000028610229","pet","03",3
"574","Barro_Colorado_Island","1984","1986","4.70000028610229","pet","03",3
"575","Barro_Colorado_Island","2003","2005","4.80000019073486","pet","03",3
"576","Barro_Colorado_Island","2014","2016","4.80000019073486","pet","03",3
"577","Barro_Colorado_Island","1961","1963","4.80000019073486","pet","04",3
"578","Barro_Colorado_Island","1964","1966","4.90000009536743","pet","04",3
"579","Barro_Colorado_Island","1968","1970","4.70000028610229","pet","04",3
"580","Barro_Colorado_Island","1988","1990","4.59999990463257","pet","04",3
"581","Barro_Colorado_Island","1993","1995","4.80000019073486","pet","04",3
"582","Barro_Colorado_Island","1957","1959","3.90000009536743","pet","05",3
"583","Barro_Colorado_Island","1965","1967","3.70000004768372","pet","05",3
"584","Barro_Colorado_Island","1927","1929","3.29999995231628","pet","06",3
"585","Barro_Colorado_Island","1931","1933","3.29999995231628","pet","06",3
"586","Barro_Colorado_Island","1988","1990","3.20000004768372","pet","06",3
"587","Barro_Colorado_Island","2013","2015","3.40000009536743","pet","06",3
"588","Barro_Colorado_Island","1924","1926","3.40000009536743","pet","07",3
"589","Barro_Colorado_Island","1993","1995","3.5","pet","07",3
"590","Barro_Colorado_Island","1933","1935","3.40000009536743","pet","09",3
"591","Barro_Colorado_Island","1938","1940","3.40000009536743","pet","09",3
"592","Barro_Colorado_Island","1949","1951","3.60000014305115","pet","09",3
"593","Barro_Colorado_Island","1961","1963","3.5","pet","09",3
"594","Barro_Colorado_Island","1986","1988","3.29999995231628","pet","09",3
"595","Barro_Colorado_Island","2012","2014","3.29999995231628","pet","09",3
"596","Barro_Colorado_Island","1983","1985","3","pet","10",3
"597","Barro_Colorado_Island","1963","1965","3","pet","11",3
"598","Barro_Colorado_Island","1966","1968","2.90000009536743","pet","11",3
"599","Barro_Colorado_Island","1997","1999","2.79999995231628","pet","11",3
"600","Barro_Colorado_Island","1931","1933","3","pet","12",3
"601","Barro_Colorado_Island","1969","1971","3","pet","12",3
"602","Barro_Colorado_Island","1993","1995","3.10000014305115","pet","12",3
"603","Barro_Colorado_Island","1901","1936","34","pre","02",36
"604","Barro_Colorado_Island","1901","1933","30","pre","03",33
"605","Barro_Colorado_Island","1901","1925","55","pre","01",25
"606","Barro_Colorado_Island","1901","1925","96","pre","04",25
"607","Barro_Colorado_Island","1901","1925","307","pre","05",25
"608","Barro_Colorado_Island","1901","1925","290","pre","06",25
"609","Barro_Colorado_Island","1901","1925","316","pre","07",25
"610","Barro_Colorado_Island","1901","1925","309","pre","08",25
"611","Barro_Colorado_Island","1901","1925","298","pre","09",25
"612","Barro_Colorado_Island","1901","1925","389","pre","10",25
"613","Barro_Colorado_Island","1901","1925","500","pre","11",25
"614","Barro_Colorado_Island","1901","1925","267","pre","12",25
"615","Barro_Colorado_Island","1931","1936","55","pre","01",6
"616","Barro_Colorado_Island","1935","1940","30","pre","03",6
"617","Barro_Colorado_Island","1928","1932","499.300018310547","pre","11",5
"618","Barro_Colorado_Island","1928","1931","388.5","pre","10",4
"619","Barro_Colorado_Island","1927","1930","266.700012207031","pre","12",4
"620","Barro_Colorado_Island","1934","1936","96","pre","04",3
"621","Barro_Colorado_Island","1901","1916","22.2000007629395","tmn","02",16
"622","Barro_Colorado_Island","1901","1916","23.3999996185303","tmn","03",16
"623","Barro_Colorado_Island","1901","1915","22","tmn","01",15
"624","Barro_Colorado_Island","1901","1915","24","tmn","04",15
"625","Barro_Colorado_Island","1901","1914","23.6000003814697","tmn","05",14
"626","Barro_Colorado_Island","1901","1914","22.8999996185303","tmn","06",14
"627","Barro_Colorado_Island","1901","1914","23.3000011444092","tmn","07",14
"628","Barro_Colorado_Island","1901","1914","22.8000011444092","tmn","08",14
"629","Barro_Colorado_Island","1901","1914","22.3000011444092","tmn","09",14
"630","Barro_Colorado_Island","1901","1914","22.3000011444092","tmn","10",14
"631","Barro_Colorado_Island","1901","1914","22.1000003814697","tmn","11",14
"632","Barro_Colorado_Island","1901","1914","21.8000011444092","tmn","12",14
"633","Barro_Colorado_Island","1918","1922","22","tmn","01",5
"634","Barro_Colorado_Island","1917","1921","23.3000011444092","tmn","07",5
"635","Barro_Colorado_Island","1917","1921","22.3000011444092","tmn","09",5
"636","Barro_Colorado_Island","1916","1920","22.1000003814697","tmn","11",5
"637","Barro_Colorado_Island","1927","1930","22.8000011444092","tmn","06",4
"638","Barro_Colorado_Island","1937","1940","22.3999996185303","tmn","10",4
"639","Barro_Colorado_Island","2012","2015","23.1000003814697","tmn","10",4
"640","Barro_Colorado_Island","1917","1920","21.8000011444092","tmn","12",4
"641","Barro_Colorado_Island","1977","1979","21.8999996185303","tmn","01",3
"642","Barro_Colorado_Island","1927","1929","23.3000011444092","tmn","03",3
"643","Barro_Colorado_Island","1937","1939","23.3000011444092","tmn","07",3
"644","Barro_Colorado_Island","1921","1923","22.7000007629395","tmn","08",3
"645","Barro_Colorado_Island","1958","1960","22.5","tmn","09",3
"646","Barro_Colorado_Island","1989","1991","22.8999996185303","tmn","10",3
"647","Barro_Colorado_Island","1931","1933","22.1000003814697","tmn","11",3
"648","Barro_Colorado_Island","1921","1923","21.7000007629395","tmn","12",3
"649","Barro_Colorado_Island","1901","1916","25.8000011444092","tmp","02",16
"650","Barro_Colorado_Island","1901","1916","26.8000011444092","tmp","03",16
"651","Barro_Colorado_Island","1901","1915","25.3000011444092","tmp","01",15
"652","Barro_Colorado_Island","1901","1915","27.3999996185303","tmp","04",15
"653","Barro_Colorado_Island","1901","1914","26.8999996185303","tmp","05",14
"654","Barro_Colorado_Island","1901","1914","26","tmp","06",14
"655","Barro_Colorado_Island","1901","1914","26.3999996185303","tmp","07",14
"656","Barro_Colorado_Island","1901","1914","25.8999996185303","tmp","08",14
"657","Barro_Colorado_Island","1901","1914","25.5","tmp","09",14
"658","Barro_Colorado_Island","1901","1914","25.5","tmp","10",14
"659","Barro_Colorado_Island","1901","1914","25","tmp","11",14
"660","Barro_Colorado_Island","1901","1914","25","tmp","12",14
"661","Barro_Colorado_Island","1918","1922","25.3000011444092","tmp","01",5
"662","Barro_Colorado_Island","1917","1921","26.3999996185303","tmp","07",5
"663","Barro_Colorado_Island","1917","1921","25.5","tmp","09",5
"664","Barro_Colorado_Island","1916","1920","25","tmp","11",5
"665","Barro_Colorado_Island","1927","1930","25.8999996185303","tmp","06",4
"666","Barro_Colorado_Island","1937","1940","25.6000003814697","tmp","10",4
"667","Barro_Colorado_Island","1917","1920","25","tmp","12",4
"668","Barro_Colorado_Island","1927","1929","26.7000007629395","tmp","03",3
"669","Barro_Colorado_Island","1937","1939","26.3999996185303","tmp","07",3
"670","Barro_Colorado_Island","1921","1923","25.8000011444092","tmp","08",3
"671","Barro_Colorado_Island","1959","1961","26.1000003814697","tmp","08",3
"672","Barro_Colorado_Island","1972","1974","25.7000007629395","tmp","08",3
"673","Barro_Colorado_Island","1977","1979","25.5","tmp","09",3
"674","Barro_Colorado_Island","1931","1933","25","tmp","11",3
"675","Barro_Colorado_Island","1921","1923","24.8999996185303","tmp","12",3
"676","Barro_Colorado_Island","1901","1916","22.2000007629395","tmn","02",16
"677","Barro_Colorado_Island","1901","1916","23.3999996185303","tmn","03",16
"678","Barro_Colorado_Island","1901","1915","22","tmn","01",15
"679","Barro_Colorado_Island","1901","1915","24","tmn","04",15
"680","Barro_Colorado_Island","1901","1914","23.6000003814697","tmn","05",14
"681","Barro_Colorado_Island","1901","1914","22.8999996185303","tmn","06",14
"682","Barro_Colorado_Island","1901","1914","23.3000011444092","tmn","07",14
"683","Barro_Colorado_Island","1901","1914","22.8000011444092","tmn","08",14
"684","Barro_Colorado_Island","1901","1914","22.3000011444092","tmn","09",14
"685","Barro_Colorado_Island","1901","1914","22.3000011444092","tmn","10",14
"686","Barro_Colorado_Island","1901","1914","22.1000003814697","tmn","11",14
"687","Barro_Colorado_Island","1901","1914","21.8000011444092","tmn","12",14
"688","Barro_Colorado_Island","1918","1922","22","tmn","01",5
"689","Barro_Colorado_Island","1917","1921","23.3000011444092","tmn","07",5
"690","Barro_Colorado_Island","1917","1921","22.3000011444092","tmn","09",5
"691","Barro_Colorado_Island","1916","1920","22.1000003814697","tmn","11",5
"692","Barro_Colorado_Island","1927","1930","22.8000011444092","tmn","06",4
"693","Barro_Colorado_Island","1937","1940","22.3999996185303","tmn","10",4
"694","Barro_Colorado_Island","2012","2015","23.1000003814697","tmn","10",4
"695","Barro_Colorado_Island","1917","1920","21.8000011444092","tmn","12",4
"696","Barro_Colorado_Island","1977","1979","21.8999996185303","tmn","01",3
"697","Barro_Colorado_Island","1927","1929","23.3000011444092","tmn","03",3
"698","Barro_Colorado_Island","1937","1939","23.3000011444092","tmn","07",3
"699","Barro_Colorado_Island","1921","1923","22.7000007629395","tmn","08",3
"700","Barro_Colorado_Island","1958","1960","22.5","tmn","09",3
"701","Barro_Colorado_Island","1989","1991","22.8999996185303","tmn","10",3
"702","Barro_Colorado_Island","1931","1933","22.1000003814697","tmn","11",3
"703","Barro_Colorado_Island","1921","1923","21.7000007629395","tmn","12",3
"704","Barro_Colorado_Island","1901","1916","29.5","tmx","02",16
"705","Barro_Colorado_Island","1901","1916","30.3000011444092","tmx","03",16
"706","Barro_Colorado_Island","1901","1915","28.7000007629395","tmx","01",15
"707","Barro_Colorado_Island","1901","1915","30.8999996185303","tmx","04",15
"708","Barro_Colorado_Island","1901","1914","30.2000007629395","tmx","05",14
"709","Barro_Colorado_Island","1901","1914","29.2000007629395","tmx","06",14
"710","Barro_Colorado_Island","1901","1914","29.6000003814697","tmx","07",14
"711","Barro_Colorado_Island","1901","1914","29","tmx","08",14
"712","Barro_Colorado_Island","1901","1914","28.8000011444092","tmx","09",14
"713","Barro_Colorado_Island","1901","1914","28.8000011444092","tmx","10",14
"714","Barro_Colorado_Island","1901","1914","28","tmx","11",14
"715","Barro_Colorado_Island","1901","1914","28.2000007629395","tmx","12",14
"716","Barro_Colorado_Island","1918","1922","28.7000007629395","tmx","01",5
"717","Barro_Colorado_Island","1917","1921","29.6000003814697","tmx","07",5
"718","Barro_Colorado_Island","1917","1921","28.8000011444092","tmx","09",5
"719","Barro_Colorado_Island","1916","1920","28","tmx","11",5
"720","Barro_Colorado_Island","1927","1930","29.1000003814697","tmx","06",4
"721","Barro_Colorado_Island","1937","1940","28.8999996185303","tmx","10",4
"722","Barro_Colorado_Island","1917","1920","28.2000007629395","tmx","12",4
"723","Barro_Colorado_Island","1927","1929","30.2000007629395","tmx","03",3
"724","Barro_Colorado_Island","1974","1976","29.5","tmx","05",3
"725","Barro_Colorado_Island","1937","1939","29.6000003814697","tmx","07",3
"726","Barro_Colorado_Island","1956","1958","30.3000011444092","tmx","07",3
"727","Barro_Colorado_Island","1921","1923","28.8999996185303","tmx","08",3
"728","Barro_Colorado_Island","1931","1933","28","tmx","11",3
"729","Barro_Colorado_Island","1962","1964","28.3999996185303","tmx","11",3
"730","Barro_Colorado_Island","1990","1992","28.3000011444092","tmx","11",3
"731","Barro_Colorado_Island","1921","1923","28.1000003814697","tmx","12",3
"732","Barro_Colorado_Island","1901","1941","30.8000011444092","vap","05",41
"733","Barro_Colorado_Island","1901","1940","26.3000011444092","vap","01",40
"734","Barro_Colorado_Island","1901","1940","24.8000011444092","vap","02",40
"735","Barro_Colorado_Island","1901","1940","27","vap","03",40
"736","Barro_Colorado_Island","1901","1940","28.7000007629395","vap","04",40
"737","Barro_Colorado_Island","1901","1940","29.8000011444092","vap","06",40
"738","Barro_Colorado_Island","1901","1940","30.2000007629395","vap","07",40
"739","Barro_Colorado_Island","1901","1940","29.7000007629395","vap","08",40
"740","Barro_Colorado_Island","1901","1940","28.7000007629395","vap","09",40
"741","Barro_Colorado_Island","1901","1940","29.2000007629395","vap","10",40
"742","Barro_Colorado_Island","1901","1940","28.1000003814697","vap","11",40
"743","Barro_Colorado_Island","1901","1940","27.2000007629395","vap","12",40
"744","Barro_Colorado_Island","1991","1993","26.5","vap","01",3
"745","Barro_Colorado_Island","1948","1950","29.1000003814697","vap","08",3
"746","Barro_Colorado_Island","1976","1978","28.8999996185303","vap","09",3
"747","Barro_Colorado_Island","1945","1947","29.1000003814697","vap","10",3
"748","Barro_Colorado_Island","1901","1927","22","wet","10",27
"749","Barro_Colorado_Island","1901","1926","23.89999962","wet","11",26
"750","Barro_Colorado_Island","1901","1926","16.79999924","wet","12",26
"751","Barro_Colorado_Island","1901","1925","9.300000191","wet","01",25
"752","Barro_Colorado_Island","1901","1925","7.299999714","wet","02",25
"753","Barro_Colorado_Island","1901","1925","6.899999619","wet","03",25
"754","Barro_Colorado_Island","1901","1925","8.800000191","wet","04",25
"755","Barro_Colorado_Island","1901","1925","19.19999886","wet","05",25
"756","Barro_Colorado_Island","1901","1925","19.89999962","wet","06",25
"757","Barro_Colorado_Island","1901","1925","22.10000038","wet","07",25
"758","Barro_Colorado_Island","1901","1925","23.19999886","wet","08",25
"759","Barro_Colorado_Island","1901","1925","19","wet","09",25
"760","Barro_Colorado_Island","1927","1936","9.300000191","wet","01",10
"761","Barro_Colorado_Island","1930","1937","8.800000191","wet","04",8
"762","Barro_Colorado_Island","1927","1933","7.299999714","wet","02",7
"763","Barro_Colorado_Island","1927","1933","6.899999619","wet","03",7
"764","Barro_Colorado_Island","1935","1940","6.899999619","wet","03",6
"765","Barro_Colorado_Island","1927","1931","16.78999901","wet","12",5
"766","Barro_Colorado_Island","1933","1936","19.89999962","wet","06",4
"767","Barro_Colorado_Island","1929","1932","18.98999977","wet","09",4
"768","Barro_Colorado_Island","1928","1931","21.97999954","wet","10",4
"769","Barro_Colorado_Island","1927","1929","19.19999886","wet","05",3
"770","Barro_Colorado_Island","1935","1937","19.18999863","wet","05",3
"771","Barro_Colorado_Island","1927","1929","22.10000038","wet","07",3
"772","Barro_Colorado_Island","1933","1935","23.20999908","wet","08",3
"773","Barro_Colorado_Island","1933","1935","19","wet","09",3
