"","start_sites.sitename","start_Date","start.climvar","end_Date","end.climvar","climvar","rep.yrs"
"Smithsonian_Environmental_Research_Center.1","Smithsonian_Environmental_Research_Center",1996-02-15,"63.7999992370605",2002-02-15,"63.7999992370605","cld",7
"Smithsonian_Environmental_Research_Center.2","Smithsonian_Environmental_Research_Center",1996-04-16,"61.2999992370605",2002-04-16,"61.2999992370605","cld",7
"Smithsonian_Environmental_Research_Center.3","Smithsonian_Environmental_Research_Center",1996-05-16,"62.5",2002-05-16,"62.5","cld",7
"Smithsonian_Environmental_Research_Center.4","Smithsonian_Environmental_Research_Center",1996-08-16,"58.7999992370605",2000-08-16,"58.7999992370605","cld",5
"Smithsonian_Environmental_Research_Center.5","Smithsonian_Environmental_Research_Center",1997-01-16,"63.7999992370605",2000-01-16,"63.7999992370605","cld",4
"Smithsonian_Environmental_Research_Center.6","Smithsonian_Environmental_Research_Center",1996-10-16,"53.7999992370605",1999-10-16,"53.7999992370605","cld",4
"Smithsonian_Environmental_Research_Center.7","Smithsonian_Environmental_Research_Center",1999-12-16,"65",2002-12-16,"65","cld",4
"Smithsonian_Environmental_Research_Center.8","Smithsonian_Environmental_Research_Center",2000-07-16,"60",2002-07-16,"60","cld",3
"Smithsonian_Environmental_Research_Center.9","Smithsonian_Environmental_Research_Center",2000-11-16,"60",2002-11-16,"60","cld",3
"Smithsonian_Environmental_Research_Center","Smithsonian_Environmental_Research_Center",1960-07-16,"10.6999998092651",1962-07-16,"10.6999998092651","dtr",3
"Smithsonian_Environmental_Research_Center.16","Smithsonian_Environmental_Research_Center",1968-05-16,"0",2019-09-16,"0","frs",528
"Smithsonian_Environmental_Research_Center.21","Smithsonian_Environmental_Research_Center",1926-05-16,"0",1966-05-16,"0","frs",41
"Smithsonian_Environmental_Research_Center.31","Smithsonian_Environmental_Research_Center",2019-04-16,"0",1916-05-16,"0","frs",17
"Smithsonian_Environmental_Research_Center.41","Smithsonian_Environmental_Research_Center",1921-05-16,"0",1924-05-16,"0","frs",4
"Smithsonian_Environmental_Research_Center.51","Smithsonian_Environmental_Research_Center",2016-10-16,"0",2019-10-16,"0","frs",4
"Smithsonian_Environmental_Research_Center.61","Smithsonian_Environmental_Research_Center",1913-10-16,"0",1915-10-16,"0","frs",3
"Smithsonian_Environmental_Research_Center.71","Smithsonian_Environmental_Research_Center",1949-10-16,"0",1951-10-16,"0","frs",3
"Smithsonian_Environmental_Research_Center.81","Smithsonian_Environmental_Research_Center",1984-10-16,"0",1986-10-16,"0","frs",3
"Smithsonian_Environmental_Research_Center.91","Smithsonian_Environmental_Research_Center",2012-10-16,"0",2014-10-16,"0","frs",3
"Smithsonian_Environmental_Research_Center.17","Smithsonian_Environmental_Research_Center",1982-02-15,"1.70000004768372",1985-02-15,"1.70000004768372","pet",4
"Smithsonian_Environmental_Research_Center.22","Smithsonian_Environmental_Research_Center",1997-01-16,"1.30000007152557",1999-01-16,"1.30000007152557","pet",3
"Smithsonian_Environmental_Research_Center.32","Smithsonian_Environmental_Research_Center",1967-02-15,"1.39999997615814",1969-02-15,"1.39999997615814","pet",3
"Smithsonian_Environmental_Research_Center.42","Smithsonian_Environmental_Research_Center",1986-03-16,"2.79999995231628",1988-03-16,"2.79999995231628","pet",3
"Smithsonian_Environmental_Research_Center.52","Smithsonian_Environmental_Research_Center",1918-04-16,"3.29999995231628",1920-04-16,"3.29999995231628","pet",3
"Smithsonian_Environmental_Research_Center.62","Smithsonian_Environmental_Research_Center",1931-04-16,"3.40000009536743",1933-04-16,"3.40000009536743","pet",3
"Smithsonian_Environmental_Research_Center.72","Smithsonian_Environmental_Research_Center",2014-04-16,"3.79999995231628",2016-04-16,"3.79999995231628","pet",3
"Smithsonian_Environmental_Research_Center.82","Smithsonian_Environmental_Research_Center",1905-08-16,"3.90000009536743",1907-08-16,"3.90000009536743","pet",3
"Smithsonian_Environmental_Research_Center.92","Smithsonian_Environmental_Research_Center",1903-09-16,"3.29999995231628",1905-09-16,"3.29999995231628","pet",3
"Smithsonian_Environmental_Research_Center.10","Smithsonian_Environmental_Research_Center",1976-09-16,"3.5",1978-09-16,"3.5","pet",3
"Smithsonian_Environmental_Research_Center.11","Smithsonian_Environmental_Research_Center",1932-10-16,"2.5",1934-10-16,"2.5","pet",3
"Smithsonian_Environmental_Research_Center.12","Smithsonian_Environmental_Research_Center",1984-10-16,"2.60000014305115",1986-10-16,"2.60000014305115","pet",3
"Smithsonian_Environmental_Research_Center.13","Smithsonian_Environmental_Research_Center",1951-11-16,"1.60000002384186",1953-11-16,"1.60000002384186","pet",3
"Smithsonian_Environmental_Research_Center.14","Smithsonian_Environmental_Research_Center",2014-11-16,"1.89999997615814",2016-11-16,"1.89999997615814","pet",3
"Smithsonian_Environmental_Research_Center.15","Smithsonian_Environmental_Research_Center",1985-12-16,"1.39999997615814",1987-12-16,"1.39999997615814","pet",3
"Smithsonian_Environmental_Research_Center1","Smithsonian_Environmental_Research_Center",1944-02-15,"-1.70000004768372",1946-02-15,"-1.70000004768372","tmn",3
"Smithsonian_Environmental_Research_Center2","Smithsonian_Environmental_Research_Center",1944-02-15,"-1.70000004768372",1946-02-15,"-1.70000004768372","tmn",3
"Smithsonian_Environmental_Research_Center.18","Smithsonian_Environmental_Research_Center",1902-09-16,"17.7000007629395",1904-09-16,"17.7000007629395","vap",3
"Smithsonian_Environmental_Research_Center.23","Smithsonian_Environmental_Research_Center",2012-11-16,"6",2014-11-16,"6","vap",3
"Harvard_Forest.1","Harvard_Forest",1981-06-16,"0",2019-08-16,"0","frs",277
"Harvard_Forest.2","Harvard_Forest",1928-06-16,"0",1957-06-16,"0","frs",30
"Harvard_Forest.3","Harvard_Forest",1966-06-16,"0",1979-06-16,"0","frs",14
"Harvard_Forest.4","Harvard_Forest",1959-06-16,"0",1964-06-16,"0","frs",6
"Harvard_Forest.5","Harvard_Forest",2014-09-16,"0",2019-09-16,"0","frs",6
"Harvard_Forest.6","Harvard_Forest",1919-06-16,"0",1923-06-16,"0","frs",5
"Harvard_Forest.7","Harvard_Forest",1908-06-16,"0",1911-06-16,"0","frs",4
"Harvard_Forest.8","Harvard_Forest",2002-09-16,"0",2005-09-16,"0","frs",4
"Harvard_Forest.9","Harvard_Forest",1904-06-16,"0",1906-06-16,"0","frs",3
"Harvard_Forest.10","Harvard_Forest",1969-09-16,"0",1971-09-16,"0","frs",3
"Harvard_Forest.11","Harvard_Forest",2010-09-16,"0",2012-09-16,"0","frs",3
"Harvard_Forest.110","Harvard_Forest",1961-02-15,"1",1964-02-15,"1","pet",4
"Harvard_Forest.210","Harvard_Forest",2013-04-16,"3.10000014305115",2016-04-16,"3.10000014305115","pet",4
"Harvard_Forest.31","Harvard_Forest",1914-11-16,"1.10000002384186",1917-11-16,"1.10000002384186","pet",4
"Harvard_Forest.41","Harvard_Forest",1963-12-16,"0.699999988079071",1966-12-16,"0.699999988079071","pet",4
"Harvard_Forest.51","Harvard_Forest",1915-01-16,"1",1917-01-16,"1","pet",3
"Harvard_Forest.61","Harvard_Forest",1968-01-16,"0.699999988079071",1970-01-16,"0.699999988079071","pet",3
"Harvard_Forest.71","Harvard_Forest",2003-01-16,"0.800000011920929",2005-01-16,"0.800000011920929","pet",3
"Harvard_Forest.81","Harvard_Forest",1918-02-15,"1",1920-02-15,"1","pet",3
"Harvard_Forest.91","Harvard_Forest",1940-02-15,"1",1942-02-15,"1","pet",3
"Harvard_Forest.101","Harvard_Forest",1997-02-15,"1.20000004768372",1999-02-15,"1.20000004768372","pet",3
"Harvard_Forest.111","Harvard_Forest",1992-03-16,"1.60000002384186",1994-03-16,"1.60000002384186","pet",3
"Harvard_Forest.12","Harvard_Forest",1960-05-16,"3.40000009536743",1962-05-16,"3.40000009536743","pet",3
"Harvard_Forest.13","Harvard_Forest",1980-05-16,"4.09999990463257",1982-05-16,"4.09999990463257","pet",3
"Harvard_Forest.14","Harvard_Forest",1985-05-16,"3.90000009536743",1987-05-16,"3.90000009536743","pet",3
"Harvard_Forest.15","Harvard_Forest",2017-06-16,"4.30000019073486",2019-06-16,"4.30000019073486","pet",3
"Harvard_Forest.16","Harvard_Forest",2010-07-16,"4.80000019073486",2012-07-16,"4.80000019073486","pet",3
"Harvard_Forest.17","Harvard_Forest",1929-08-16,"3.40000009536743",1931-08-16,"3.40000009536743","pet",3
"Harvard_Forest.18","Harvard_Forest",1924-09-16,"2.60000014305115",1926-09-16,"2.60000014305115","pet",3
"Harvard_Forest.19","Harvard_Forest",1989-09-16,"2.70000004768372",1991-09-16,"2.70000004768372","pet",3
"Harvard_Forest.20","Harvard_Forest",1922-10-16,"2.10000014305115",1924-10-16,"2.10000014305115","pet",3
"Harvard_Forest.21","Harvard_Forest",1943-10-16,"1.89999997615814",1945-10-16,"1.89999997615814","pet",3
"Harvard_Forest.22","Harvard_Forest",1906-11-16,"1",1908-11-16,"1","pet",3
"Harvard_Forest.23","Harvard_Forest",1979-11-16,"1.39999997615814",1981-11-16,"1.39999997615814","pet",3
"Harvard_Forest.24","Harvard_Forest",1927-12-16,"0.900000035762787",1929-12-16,"0.900000035762787","pet",3
"Harvard_Forest.25","Harvard_Forest",1942-12-16,"0.800000011920929",1944-12-16,"0.800000011920929","pet",3
"Harvard_Forest.26","Harvard_Forest",1960-12-16,"0.600000023841858",1962-12-16,"0.600000023841858","pet",3
"Harvard_Forest.27","Harvard_Forest",1974-12-16,"0.900000035762787",1976-12-16,"0.900000035762787","pet",3
"Harvard_Forest.28","Harvard_Forest",1980-12-16,"0.900000035762787",1982-12-16,"0.900000035762787","pet",3
"Harvard_Forest.29","Harvard_Forest",2014-12-16,"0.900000035762787",2016-12-16,"0.900000035762787","pet",3
"Harvard_Forest.112","Harvard_Forest",1978-02-15,"1.80000007152557",1980-02-15,"1.80000007152557","vap",3
"Harvard_Forest.211","Harvard_Forest",1939-03-16,"3.40000009536743",1941-03-16,"3.40000009536743","vap",3
"Harvard_Forest.32","Harvard_Forest",1917-04-16,"5.70000028610229",1919-04-16,"5.70000028610229","vap",3
"Harvard_Forest.42","Harvard_Forest",1946-06-16,"13.9000005722046",1948-06-16,"13.9000005722046","vap",3
"Harvard_Forest.52","Harvard_Forest",2002-10-16,"8.5",2004-10-16,"8.5","vap",3
"Harvard_Forest.62","Harvard_Forest",1943-12-16,"2.79999995231628",1945-12-16,"2.79999995231628","vap",3
"Smithsonian_Conservation_Biology_Institute.1","Smithsonian_Conservation_Biology_Institute",1996-02-15,"68.8000030517578",2002-02-15,"68.8000030517578","cld",7
"Smithsonian_Conservation_Biology_Institute.2","Smithsonian_Conservation_Biology_Institute",1996-05-16,"65",2002-05-16,"65","cld",7
"Smithsonian_Conservation_Biology_Institute.3","Smithsonian_Conservation_Biology_Institute",1996-11-16,"67.5",2002-11-16,"67.5","cld",7
"Smithsonian_Conservation_Biology_Institute.4","Smithsonian_Conservation_Biology_Institute",1996-01-16,"68.8000030517578",2000-01-16,"68.8000030517578","cld",5
"Smithsonian_Conservation_Biology_Institute.5","Smithsonian_Conservation_Biology_Institute",1996-08-16,"62.5",2000-08-16,"62.5","cld",5
"Smithsonian_Conservation_Biology_Institute.6","Smithsonian_Conservation_Biology_Institute",1999-04-16,"65",2002-04-16,"65","cld",4
"Smithsonian_Conservation_Biology_Institute.7","Smithsonian_Conservation_Biology_Institute",1999-10-16,"57.5",2002-10-16,"57.5","cld",4
"Smithsonian_Conservation_Biology_Institute.8","Smithsonian_Conservation_Biology_Institute",1999-12-16,"70",2002-12-16,"70","cld",4
"Smithsonian_Conservation_Biology_Institute.9","Smithsonian_Conservation_Biology_Institute",2000-03-16,"67.5",2002-03-16,"67.5","cld",3
"Smithsonian_Conservation_Biology_Institute.10","Smithsonian_Conservation_Biology_Institute",2000-07-16,"63.7999992370605",2002-07-16,"63.7999992370605","cld",3
"Smithsonian_Conservation_Biology_Institute.17","Smithsonian_Conservation_Biology_Institute",1920-01-16,"11.3000001907349",1922-01-16,"11.3000001907349","dtr",3
"Smithsonian_Conservation_Biology_Institute.21","Smithsonian_Conservation_Biology_Institute",1964-05-16,"15.1999998092651",1966-05-16,"15.1999998092651","dtr",3
"Smithsonian_Conservation_Biology_Institute.18","Smithsonian_Conservation_Biology_Institute",2009-05-16,"0",1917-09-16,"0","frs",385
"Smithsonian_Conservation_Biology_Institute.22","Smithsonian_Conservation_Biology_Institute",1919-09-16,"0",2019-09-16,"0","frs",101
"Smithsonian_Conservation_Biology_Institute.31","Smithsonian_Conservation_Biology_Institute",1936-05-16,"0",1944-05-16,"0","frs",9
"Smithsonian_Conservation_Biology_Institute.41","Smithsonian_Conservation_Biology_Institute",1929-05-16,"0",1934-05-16,"0","frs",6
"Smithsonian_Conservation_Biology_Institute.51","Smithsonian_Conservation_Biology_Institute",1911-05-16,"0",1914-05-16,"0","frs",4
"Smithsonian_Conservation_Biology_Institute.61","Smithsonian_Conservation_Biology_Institute",1977-05-16,"0",1980-05-16,"0","frs",4
"Smithsonian_Conservation_Biology_Institute.71","Smithsonian_Conservation_Biology_Institute",1985-05-16,"0",1988-05-16,"0","frs",4
"Smithsonian_Conservation_Biology_Institute.81","Smithsonian_Conservation_Biology_Institute",1948-05-16,"0",1950-05-16,"0","frs",3
"Smithsonian_Conservation_Biology_Institute.91","Smithsonian_Conservation_Biology_Institute",1957-05-16,"0",1959-05-16,"0","frs",3
"Smithsonian_Conservation_Biology_Institute.19","Smithsonian_Conservation_Biology_Institute",1949-04-16,"3.40000009536743",1953-04-16,"3.40000009536743","pet",5
"Smithsonian_Conservation_Biology_Institute.23","Smithsonian_Conservation_Biology_Institute",1980-02-15,"1.60000002384186",1983-02-15,"1.60000002384186","pet",4
"Smithsonian_Conservation_Biology_Institute.32","Smithsonian_Conservation_Biology_Institute",2016-12-16,"1.20000004768372",2019-12-16,"1.20000004768372","pet",4
"Smithsonian_Conservation_Biology_Institute.42","Smithsonian_Conservation_Biology_Institute",1963-01-16,"1.20000004768372",1965-01-16,"1.20000004768372","pet",3
"Smithsonian_Conservation_Biology_Institute.52","Smithsonian_Conservation_Biology_Institute",1969-01-16,"1",1971-01-16,"1","pet",3
"Smithsonian_Conservation_Biology_Institute.62","Smithsonian_Conservation_Biology_Institute",1983-01-16,"1.20000004768372",1985-01-16,"1.20000004768372","pet",3
"Smithsonian_Conservation_Biology_Institute.72","Smithsonian_Conservation_Biology_Institute",1997-04-16,"3.29999995231628",1999-04-16,"3.29999995231628","pet",3
"Smithsonian_Conservation_Biology_Institute.82","Smithsonian_Conservation_Biology_Institute",1999-05-16,"3.90000009536743",2001-05-16,"3.90000009536743","pet",3
"Smithsonian_Conservation_Biology_Institute.92","Smithsonian_Conservation_Biology_Institute",1953-07-16,"4.90000009536743",1955-07-16,"4.90000009536743","pet",3
"Smithsonian_Conservation_Biology_Institute.101","Smithsonian_Conservation_Biology_Institute",1959-07-16,"4.09999990463257",1961-07-16,"4.09999990463257","pet",3
"Smithsonian_Conservation_Biology_Institute.11","Smithsonian_Conservation_Biology_Institute",2010-07-16,"4.90000009536743",2012-07-16,"4.90000009536743","pet",3
"Smithsonian_Conservation_Biology_Institute.12","Smithsonian_Conservation_Biology_Institute",1984-08-16,"3.60000014305115",1986-08-16,"3.60000014305115","pet",3
"Smithsonian_Conservation_Biology_Institute.13","Smithsonian_Conservation_Biology_Institute",1958-10-16,"2.29999995231628",1960-10-16,"2.29999995231628","pet",3
"Smithsonian_Conservation_Biology_Institute.14","Smithsonian_Conservation_Biology_Institute",1968-10-16,"2.20000004768372",1970-10-16,"2.20000004768372","pet",3
"Smithsonian_Conservation_Biology_Institute.15","Smithsonian_Conservation_Biology_Institute",1982-11-16,"1.70000004768372",1984-11-16,"1.70000004768372","pet",3
"Smithsonian_Conservation_Biology_Institute.16","Smithsonian_Conservation_Biology_Institute",2003-12-16,"1.20000004768372",2005-12-16,"1.20000004768372","pet",3
"Smithsonian_Conservation_Biology_Institute","Smithsonian_Conservation_Biology_Institute",1993-07-16,"18.2000007629395",1995-07-16,"18.2000007629395","tmn",3
"Smithsonian_Conservation_Biology_Institute1","Smithsonian_Conservation_Biology_Institute",1902-08-16,"22.2000007629395",1904-08-16,"22.2000007629395","tmp",3
"Smithsonian_Conservation_Biology_Institute2","Smithsonian_Conservation_Biology_Institute",1993-07-16,"18.2000007629395",1995-07-16,"18.2000007629395","tmn",3
"Smithsonian_Conservation_Biology_Institute.110","Smithsonian_Conservation_Biology_Institute",1985-03-16,"15.4000005722046",1987-03-16,"15.4000005722046","tmx",3
"Smithsonian_Conservation_Biology_Institute.24","Smithsonian_Conservation_Biology_Institute",2016-06-16,"29.3999996185303",2018-06-16,"29.3999996185303","tmx",3
"Smithsonian_Conservation_Biology_Institute.33","Smithsonian_Conservation_Biology_Institute",1965-10-16,"20",1967-10-16,"20","tmx",3
"Smithsonian_Conservation_Biology_Institute3","Smithsonian_Conservation_Biology_Institute",1943-02-15,"4.59999990463257",1945-02-15,"4.59999990463257","vap",3
"Lilly_Dickey_Woods.1","Lilly_Dickey_Woods",1996-01-16,"71.3000030517578",2002-01-16,"71.3000030517578","cld",7
"Lilly_Dickey_Woods.2","Lilly_Dickey_Woods",1996-02-15,"70",2002-02-15,"70","cld",7
"Lilly_Dickey_Woods.3","Lilly_Dickey_Woods",1996-03-16,"72.5",2002-03-16,"72.5","cld",7
"Lilly_Dickey_Woods.4","Lilly_Dickey_Woods",1996-04-16,"66.3000030517578",2002-04-16,"66.3000030517578","cld",7
"Lilly_Dickey_Woods.5","Lilly_Dickey_Woods",1996-05-16,"62.5",2002-05-16,"62.5","cld",7
"Lilly_Dickey_Woods.6","Lilly_Dickey_Woods",1996-06-16,"58.7999992370605",2002-06-16,"58.7999992370605","cld",7
"Lilly_Dickey_Woods.7","Lilly_Dickey_Woods",1996-07-16,"57.5",2002-07-16,"57.5","cld",7
"Lilly_Dickey_Woods.8","Lilly_Dickey_Woods",1996-08-16,"56.2999992370605",2002-08-16,"56.2999992370605","cld",7
"Lilly_Dickey_Woods.9","Lilly_Dickey_Woods",1996-09-16,"56.2999992370605",2002-09-16,"56.2999992370605","cld",7
"Lilly_Dickey_Woods.10","Lilly_Dickey_Woods",1996-10-16,"57.5",2002-10-16,"57.5","cld",7
"Lilly_Dickey_Woods.11","Lilly_Dickey_Woods",1996-11-16,"71.3000030517578",2002-11-16,"71.3000030517578","cld",7
"Lilly_Dickey_Woods.12","Lilly_Dickey_Woods",1996-12-16,"73.8000030517578",2002-12-16,"73.8000030517578","cld",7
"Lilly_Dickey_Woods.16","Lilly_Dickey_Woods",2009-05-16,"0",1917-09-16,"0","frs",385
"Lilly_Dickey_Woods.21","Lilly_Dickey_Woods",1977-09-16,"0",2019-09-16,"0","frs",43
"Lilly_Dickey_Woods.31","Lilly_Dickey_Woods",1919-09-16,"0",1948-09-16,"0","frs",30
"Lilly_Dickey_Woods.41","Lilly_Dickey_Woods",1950-09-16,"0",1975-09-16,"0","frs",26
"Lilly_Dickey_Woods.51","Lilly_Dickey_Woods",1902-05-16,"0",1906-05-16,"0","frs",5
"Lilly_Dickey_Woods.61","Lilly_Dickey_Woods",1949-05-16,"0",1953-05-16,"0","frs",5
"Lilly_Dickey_Woods.71","Lilly_Dickey_Woods",1911-05-16,"0",1914-05-16,"0","frs",4
"Lilly_Dickey_Woods.81","Lilly_Dickey_Woods",1936-05-16,"0",1939-05-16,"0","frs",4
"Lilly_Dickey_Woods.91","Lilly_Dickey_Woods",1941-05-16,"0",1944-05-16,"0","frs",4
"Lilly_Dickey_Woods.101","Lilly_Dickey_Woods",1998-05-16,"0",2001-05-16,"0","frs",4
"Lilly_Dickey_Woods.111","Lilly_Dickey_Woods",1955-05-16,"0",1957-05-16,"0","frs",3
"Lilly_Dickey_Woods.121","Lilly_Dickey_Woods",1985-05-16,"0",1987-05-16,"0","frs",3
"Lilly_Dickey_Woods.13","Lilly_Dickey_Woods",1994-10-16,"3.73000001907349",1996-10-16,"3.73000001907349","frs",3
"Lilly_Dickey_Woods.17","Lilly_Dickey_Woods",1968-08-16,"4",1971-08-16,"4","pet",4
"Lilly_Dickey_Woods.22","Lilly_Dickey_Woods",1903-10-16,"2.29999995231628",1906-10-16,"2.29999995231628","pet",4
"Lilly_Dickey_Woods.32","Lilly_Dickey_Woods",1992-12-16,"0.800000011920929",1995-12-16,"0.800000011920929","pet",4
"Lilly_Dickey_Woods.42","Lilly_Dickey_Woods",1980-02-15,"1",1982-02-15,"1","pet",3
"Lilly_Dickey_Woods.52","Lilly_Dickey_Woods",1997-02-15,"1.30000007152557",1999-02-15,"1.30000007152557","pet",3
"Lilly_Dickey_Woods.62","Lilly_Dickey_Woods",1990-03-16,"2.10000014305115",1992-03-16,"2.10000014305115","pet",3
"Lilly_Dickey_Woods.72","Lilly_Dickey_Woods",1967-04-16,"3.29999995231628",1969-04-16,"3.29999995231628","pet",3
"Lilly_Dickey_Woods.82","Lilly_Dickey_Woods",1989-04-16,"3",1991-04-16,"3","pet",3
"Lilly_Dickey_Woods.92","Lilly_Dickey_Woods",2009-06-16,"4.5",2011-06-16,"4.5","pet",3
"Lilly_Dickey_Woods.102","Lilly_Dickey_Woods",2015-08-16,"3.79999995231628",2017-08-16,"3.79999995231628","pet",3
"Lilly_Dickey_Woods.112","Lilly_Dickey_Woods",1942-10-16,"2.5",1944-10-16,"2.5","pet",3
"Lilly_Dickey_Woods.122","Lilly_Dickey_Woods",1915-11-16,"1.70000004768372",1917-11-16,"1.70000004768372","pet",3
"Lilly_Dickey_Woods.131","Lilly_Dickey_Woods",1926-12-16,"0.900000035762787",1928-12-16,"0.900000035762787","pet",3
"Lilly_Dickey_Woods.14","Lilly_Dickey_Woods",2007-12-16,"0.900000035762787",2009-12-16,"0.900000035762787","pet",3
"Lilly_Dickey_Woods.15","Lilly_Dickey_Woods",2016-12-16,"0.900000035762787",2018-12-16,"0.900000035762787","pet",3
"Lilly_Dickey_Woods.18","Lilly_Dickey_Woods",1964-08-16,"15.1000003814697",1966-08-16,"15.1000003814697","tmn",3
"Lilly_Dickey_Woods.23","Lilly_Dickey_Woods",1994-10-16,"5.90000009536743",1996-10-16,"5.90000009536743","tmn",3
"Lilly_Dickey_Woods.19","Lilly_Dickey_Woods",1964-08-16,"15.1000003814697",1966-08-16,"15.1000003814697","tmn",3
"Lilly_Dickey_Woods.24","Lilly_Dickey_Woods",1994-10-16,"5.90000009536743",1996-10-16,"5.90000009536743","tmn",3
"Lilly_Dickey_Woods.110","Lilly_Dickey_Woods",1943-02-15,"4.40000009536743",1945-02-15,"4.40000009536743","vap",3
"Lilly_Dickey_Woods.25","Lilly_Dickey_Woods",1915-06-16,"16.7000007629395",1917-06-16,"16.7000007629395","vap",3
"Lilly_Dickey_Woods.33","Lilly_Dickey_Woods",1961-10-16,"11.6000003814697",1963-10-16,"11.6000003814697","vap",3
"Lilly_Dickey_Woods.43","Lilly_Dickey_Woods",1986-11-16,"7.40000009536743",1988-11-16,"7.40000009536743","vap",3
"Ordway-Swisher.1","Ordway-Swisher",1996-02-15,"56.2999992370605",2002-02-15,"56.2999992370605","cld",7
"Ordway-Swisher.2","Ordway-Swisher",1996-05-16,"57.5",2002-05-16,"57.5","cld",7
"Ordway-Swisher.3","Ordway-Swisher",1996-07-16,"63.7999992370605",2002-07-16,"63.7999992370605","cld",7
"Ordway-Swisher.4","Ordway-Swisher",1997-01-16,"57.5",2002-01-16,"57.5","cld",6
"Ordway-Swisher.5","Ordway-Swisher",1996-08-16,"61.2999992370605",2001-08-16,"61.2999992370605","cld",6
"Ordway-Swisher.6","Ordway-Swisher",1997-10-16,"55",2002-10-16,"55","cld",6
"Ordway-Swisher.7","Ordway-Swisher",1999-03-16,"55",2002-03-16,"55","cld",4
"Ordway-Swisher.8","Ordway-Swisher",1999-09-16,"62.5",2002-09-16,"62.5","cld",4
"Ordway-Swisher.9","Ordway-Swisher",2000-06-16,"61.2999992370605",2002-06-16,"61.2999992370605","cld",3
"Ordway-Swisher.10","Ordway-Swisher",1999-12-16,"57.5",2001-12-16,"57.5","cld",3
"Ordway-Swisher","Ordway-Swisher",1948-07-16,"11.1000003814697",1950-07-16,"11.1000003814697","dtr",3
"Ordway-Swisher.110","Ordway-Swisher",2014-03-16,"0",2019-10-16,"0","frs",839
"Ordway-Swisher.210","Ordway-Swisher",1982-11-16,"0",2007-11-16,"0","frs",26
"Ordway-Swisher.31","Ordway-Swisher",1934-11-16,"0",1948-11-16,"0","frs",15
"Ordway-Swisher.41","Ordway-Swisher",1984-03-16,"0",1995-03-16,"0","frs",12
"Ordway-Swisher.51","Ordway-Swisher",1957-11-16,"0",1967-11-16,"0","frs",11
"Ordway-Swisher.61","Ordway-Swisher",2000-03-16,"0",2009-03-16,"0","frs",10
"Ordway-Swisher.71","Ordway-Swisher",1924-11-16,"0",1932-11-16,"0","frs",9
"Ordway-Swisher.81","Ordway-Swisher",1902-11-16,"0",1909-11-16,"0","frs",8
"Ordway-Swisher.91","Ordway-Swisher",1907-03-16,"0",1913-03-16,"0","frs",7
"Ordway-Swisher.101","Ordway-Swisher",2011-12-16,"0",2017-12-16,"0","frs",7
"Ordway-Swisher.11","Ordway-Swisher",1948-03-16,"0",1953-03-16,"0","frs",6
"Ordway-Swisher.12","Ordway-Swisher",1972-03-16,"0",1977-03-16,"0","frs",6
"Ordway-Swisher.13","Ordway-Swisher",1911-11-16,"0",1916-11-16,"0","frs",6
"Ordway-Swisher.14","Ordway-Swisher",1942-03-16,"0",1946-03-16,"0","frs",5
"Ordway-Swisher.15","Ordway-Swisher",1918-11-16,"0",1922-11-16,"0","frs",5
"Ordway-Swisher.16","Ordway-Swisher",1971-11-16,"0",1975-11-16,"0","frs",5
"Ordway-Swisher.17","Ordway-Swisher",2009-11-16,"0",2013-11-16,"0","frs",5
"Ordway-Swisher.18","Ordway-Swisher",2015-11-16,"0",2019-11-16,"0","frs",5
"Ordway-Swisher.19","Ordway-Swisher",1902-03-16,"0",1905-03-16,"0","frs",4
"Ordway-Swisher.20","Ordway-Swisher",1977-11-16,"0",1980-11-16,"0","frs",4
"Ordway-Swisher.21","Ordway-Swisher",1948-02-15,"0",1950-02-15,"0","frs",3
"Ordway-Swisher.22","Ordway-Swisher",2017-02-15,"0",2019-02-15,"0","frs",3
"Ordway-Swisher.23","Ordway-Swisher",1917-03-16,"0",1919-03-16,"0","frs",3
"Ordway-Swisher.24","Ordway-Swisher",1921-03-16,"0",1923-03-16,"0","frs",3
"Ordway-Swisher.25","Ordway-Swisher",1927-03-16,"0",1929-03-16,"0","frs",3
"Ordway-Swisher.26","Ordway-Swisher",1938-03-16,"0",1940-03-16,"0","frs",3
"Ordway-Swisher.27","Ordway-Swisher",1957-03-16,"0",1959-03-16,"0","frs",3
"Ordway-Swisher.28","Ordway-Swisher",1963-03-16,"0",1965-03-16,"0","frs",3
"Ordway-Swisher.29","Ordway-Swisher",1951-11-16,"0",1953-11-16,"0","frs",3
"Ordway-Swisher.30","Ordway-Swisher",2006-12-16,"0",2008-12-16,"0","frs",3
"Ordway-Swisher.111","Ordway-Swisher",1912-05-16,"4.5",1916-05-16,"4.5","pet",5
"Ordway-Swisher.211","Ordway-Swisher",1952-12-16,"1.89999997615814",1955-12-16,"1.89999997615814","pet",4
"Ordway-Swisher.32","Ordway-Swisher",1957-04-16,"4.09999990463257",1959-04-16,"4.09999990463257","pet",3
"Ordway-Swisher.42","Ordway-Swisher",1930-05-16,"4.70000028610229",1932-05-16,"4.70000028610229","pet",3
"Ordway-Swisher.52","Ordway-Swisher",1939-06-16,"4.40000009536743",1941-06-16,"4.40000009536743","pet",3
"Ordway-Swisher.62","Ordway-Swisher",1954-06-16,"4.80000019073486",1956-06-16,"4.80000019073486","pet",3
"Ordway-Swisher.72","Ordway-Swisher",1986-06-16,"4.59999990463257",1988-06-16,"4.59999990463257","pet",3
"Ordway-Swisher.82","Ordway-Swisher",1995-06-16,"4.30000019073486",1997-06-16,"4.30000019073486","pet",3
"Ordway-Swisher.92","Ordway-Swisher",1995-07-16,"4.40000009536743",1997-07-16,"4.40000009536743","pet",3
"Ordway-Swisher.102","Ordway-Swisher",1998-07-16,"4.5",2000-07-16,"4.5","pet",3
"Ordway-Swisher.112","Ordway-Swisher",1934-08-16,"3.79999995231628",1936-08-16,"3.79999995231628","pet",3
"Ordway-Swisher.121","Ordway-Swisher",2002-08-16,"3.90000009536743",2004-08-16,"3.90000009536743","pet",3
"Ordway-Swisher.131","Ordway-Swisher",1948-10-16,"2.90000009536743",1950-10-16,"2.90000009536743","pet",3
"Ordway-Swisher.141","Ordway-Swisher",1902-11-16,"2",1904-11-16,"2","pet",3
"Ordway-Swisher.151","Ordway-Swisher",1918-11-16,"2.20000004768372",1920-11-16,"2.20000004768372","pet",3
"Ordway-Swisher.161","Ordway-Swisher",1956-11-16,"2.40000009536743",1958-11-16,"2.40000009536743","pet",3
"Ordway-Swisher.171","Ordway-Swisher",1902-12-16,"1.89999997615814",1904-12-16,"1.89999997615814","pet",3
"Ordway-Swisher.181","Ordway-Swisher",1986-12-16,"2.10000014305115",1988-12-16,"2.10000014305115","pet",3
"Ordway-Swisher1","Ordway-Swisher",1959-09-16,"26.3000011444092",1961-09-16,"26.3000011444092","tmp",3
"Ordway-Swisher2","Ordway-Swisher",1907-08-16,"32.2999992370605",1909-08-16,"32.2999992370605","tmx",3
"Ordway-Swisher3","Ordway-Swisher",1974-04-16,"15.6999998092651",1976-04-16,"15.6999998092651","vap",3
"Yosemite_National_Park.1","Yosemite_National_Park",1996-01-16,"63.7999992370605",2002-01-16,"63.7999992370605","cld",7
"Yosemite_National_Park.2","Yosemite_National_Park",1996-02-15,"61.2999992370605",2002-02-15,"61.2999992370605","cld",7
"Yosemite_National_Park.3","Yosemite_National_Park",1996-03-16,"57.5",2002-03-16,"57.5","cld",7
"Yosemite_National_Park.4","Yosemite_National_Park",1996-04-16,"53.7999992370605",2002-04-16,"53.7999992370605","cld",7
"Yosemite_National_Park.5","Yosemite_National_Park",1996-05-16,"45",2002-05-16,"45","cld",7
"Yosemite_National_Park.6","Yosemite_National_Park",1996-06-16,"35",2002-06-16,"35","cld",7
"Yosemite_National_Park.7","Yosemite_National_Park",1996-07-16,"25",2002-07-16,"25","cld",7
"Yosemite_National_Park.8","Yosemite_National_Park",1996-08-16,"27.5",2002-08-16,"27.5","cld",7
"Yosemite_National_Park.9","Yosemite_National_Park",1996-09-16,"27.5",2002-09-16,"27.5","cld",7
"Yosemite_National_Park.10","Yosemite_National_Park",1996-10-16,"37.5",2002-10-16,"37.5","cld",7
"Yosemite_National_Park.11","Yosemite_National_Park",1996-11-16,"57.5",2002-11-16,"57.5","cld",7
"Yosemite_National_Park.12","Yosemite_National_Park",1996-12-16,"61.2999992370605",2002-12-16,"61.2999992370605","cld",7
"Yosemite_National_Park.13","Yosemite_National_Park",1933-09-16,"19.3999996185303",1935-09-16,"19.3999996185303","cld",3
"Yosemite_National_Park.110","Yosemite_National_Park",2001-07-16,"0",2019-07-16,"0","frs",19
"Yosemite_National_Park.22","Yosemite_National_Park",2012-08-16,"0",2019-08-16,"0","frs",8
"Yosemite_National_Park.31","Yosemite_National_Park",1959-07-16,"0",1961-07-16,"0","frs",3
"Yosemite_National_Park.41","Yosemite_National_Park",1994-07-16,"0",1996-07-16,"0","frs",3
"Yosemite_National_Park.51","Yosemite_National_Park",2003-08-16,"0",2005-08-16,"0","frs",3
"Yosemite_National_Park.111","Yosemite_National_Park",1957-01-16,"1.10000002384186",1962-01-16,"1.10000002384186","pet",6
"Yosemite_National_Park.23","Yosemite_National_Park",1963-12-16,"1",1968-12-16,"1","pet",6
"Yosemite_National_Park.32","Yosemite_National_Park",1927-01-16,"1.10000002384186",1930-01-16,"1.10000002384186","pet",4
"Yosemite_National_Park.42","Yosemite_National_Park",1987-01-16,"1",1990-01-16,"1","pet",4
"Yosemite_National_Park.52","Yosemite_National_Park",1923-12-16,"1.20000004768372",1926-12-16,"1.20000004768372","pet",4
"Yosemite_National_Park.61","Yosemite_National_Park",1939-01-16,"1.10000002384186",1941-01-16,"1.10000002384186","pet",3
"Yosemite_National_Park.71","Yosemite_National_Park",1966-01-16,"1.10000002384186",1968-01-16,"1.10000002384186","pet",3
"Yosemite_National_Park.81","Yosemite_National_Park",1902-02-15,"1.5",1904-02-15,"1.5","pet",3
"Yosemite_National_Park.91","Yosemite_National_Park",1916-02-15,"1.5",1918-02-15,"1.5","pet",3
"Yosemite_National_Park.101","Yosemite_National_Park",1994-02-15,"1.39999997615814",1996-02-15,"1.39999997615814","pet",3
"Yosemite_National_Park.112","Yosemite_National_Park",2008-02-15,"1.39999997615814",2010-02-15,"1.39999997615814","pet",3
"Yosemite_National_Park.121","Yosemite_National_Park",1989-08-16,"5.80000019073486",1991-08-16,"5.80000019073486","pet",3
"Yosemite_National_Park.131","Yosemite_National_Park",1906-11-16,"1.80000007152557",1908-11-16,"1.80000007152557","pet",3
"Yosemite_National_Park.14","Yosemite_National_Park",1982-11-16,"1.30000007152557",1984-11-16,"1.30000007152557","pet",3
"Yosemite_National_Park.15","Yosemite_National_Park",1996-11-16,"1.39999997615814",1998-11-16,"1.39999997615814","pet",3
"Yosemite_National_Park.16","Yosemite_National_Park",2001-11-16,"1.39999997615814",2003-11-16,"1.39999997615814","pet",3
"Yosemite_National_Park.17","Yosemite_National_Park",1906-12-16,"1",1908-12-16,"1","pet",3
"Yosemite_National_Park.18","Yosemite_National_Park",1950-12-16,"1",1952-12-16,"1","pet",3
"Yosemite_National_Park.19","Yosemite_National_Park",1970-12-16,"1",1972-12-16,"1","pet",3
"Yosemite_National_Park.20","Yosemite_National_Park",1995-12-16,"1",1997-12-16,"1","pet",3
"Yosemite_National_Park.21","Yosemite_National_Park",2001-12-16,"1",2003-12-16,"1","pet",3
"Yosemite_National_Park.113","Yosemite_National_Park",1915-06-16,"0",1917-06-16,"0","pre",3
"Yosemite_National_Park.24","Yosemite_National_Park",1919-07-16,"0",1921-07-16,"0","pre",3
"Yosemite_National_Park.33","Yosemite_National_Park",1909-08-16,"0",1911-08-16,"0","pre",3
"Yosemite_National_Park.114","Yosemite_National_Park",1907-04-16,"9.19999980926514",1909-04-16,"9.19999980926514","tmp",3
"Yosemite_National_Park.25","Yosemite_National_Park",1933-12-16,"2.40000009536743",1935-12-16,"2.40000009536743","tmp",3
"Yosemite_National_Park","Yosemite_National_Park",1989-07-16,"31.7000007629395",1991-07-16,"31.7000007629395","tmx",3
"Yosemite_National_Park.115","Yosemite_National_Park",1921-05-16,"5.5",1923-05-16,"5.5","vap",3
"Yosemite_National_Park.26","Yosemite_National_Park",1909-07-16,"7.30000019073486",1911-07-16,"7.30000019073486","vap",3
"Yosemite_National_Park.34","Yosemite_National_Park",2006-12-16,"5",2008-12-16,"5","vap",3
"Yosemite_National_Park.116","Yosemite_National_Park",1919-07-16,"0",1921-07-16,"0","wet",3
"Yosemite_National_Park.27","Yosemite_National_Park",1926-07-16,"0.049999997",1928-07-16,"0.049999997","wet",3
"Yosemite_National_Park.35","Yosemite_National_Park",2008-07-16,"0.079999998",2010-07-16,"0.079999998","wet",3
"Yosemite_National_Park.43","Yosemite_National_Park",1909-08-16,"0.01",1911-08-16,"0.01","wet",3
"Wind_River","Wind_River",1931-02-15,"80.3000030517578",1933-02-15,"80.3000030517578","cld",3
"Wind_River1","Wind_River",1933-01-16,"7.20000028610229",1935-01-16,"7.20000028610229","dtr",3
"Wind_River.1","Wind_River",2007-08-16,"0",2019-08-16,"0","frs",13
"Wind_River.2","Wind_River",2000-07-16,"0",2010-07-16,"0","frs",11
"Wind_River.3","Wind_River",2012-07-16,"0",1901-08-16,"0","frs",9
"Wind_River.4","Wind_River",1935-07-16,"0",1942-07-16,"0","frs",8
"Wind_River.5","Wind_River",1989-08-16,"0",1994-08-16,"0","frs",6
"Wind_River.6","Wind_River",1994-07-16,"0",1998-07-16,"0","frs",5
"Wind_River.7","Wind_River",1958-07-16,"0",1961-07-16,"0","frs",4
"Wind_River.8","Wind_River",1970-07-16,"0",1973-07-16,"0","frs",4
"Wind_River.9","Wind_River",1976-08-16,"0",1979-08-16,"0","frs",4
"Wind_River.10","Wind_River",1996-08-16,"0",1999-08-16,"0","frs",4
"Wind_River.11","Wind_River",1978-07-16,"0",1980-07-16,"0","frs",3
"Wind_River.12","Wind_River",1990-07-16,"0",1992-07-16,"0","frs",3
"Wind_River.13","Wind_River",1932-08-16,"0",1934-08-16,"0","frs",3
"Wind_River.14","Wind_River",1981-08-16,"0",1983-08-16,"0","frs",3
"Wind_River.15","Wind_River",2003-08-16,"0",2005-08-16,"0","frs",3
"Wind_River.110","Wind_River",1979-01-16,"0.5",1985-01-16,"0.5","pet",7
"Wind_River.210","Wind_River",1993-01-16,"0.400000005960464",1997-01-16,"0.400000005960464","pet",5
"Wind_River.37","Wind_River",1968-09-16,"2.70000004768372",1972-09-16,"2.70000004768372","pet",5
"Wind_River.41","Wind_River",1945-01-16,"0.5",1948-01-16,"0.5","pet",4
"Wind_River.51","Wind_River",1911-02-15,"0.800000011920929",1914-02-15,"0.800000011920929","pet",4
"Wind_River.61","Wind_River",1943-02-15,"0.800000011920929",1946-02-15,"0.800000011920929","pet",4
"Wind_River.71","Wind_River",2005-11-16,"0.600000023841858",2008-11-16,"0.600000023841858","pet",4
"Wind_River.81","Wind_River",2014-12-16,"0.400000005960464",2017-12-16,"0.400000005960464","pet",4
"Wind_River.91","Wind_River",1964-01-16,"0.5",1966-01-16,"0.5","pet",3
"Wind_River.101","Wind_River",1968-01-16,"0.5",1970-01-16,"0.5","pet",3
"Wind_River.111","Wind_River",1990-01-16,"0.600000023841858",1992-01-16,"0.600000023841858","pet",3
"Wind_River.121","Wind_River",2016-01-16,"0.5",2018-01-16,"0.5","pet",3
"Wind_River.131","Wind_River",1902-02-15,"0.699999988079071",1904-02-15,"0.699999988079071","pet",3
"Wind_River.141","Wind_River",1938-02-15,"0.800000011920929",1940-02-15,"0.800000011920929","pet",3
"Wind_River.151","Wind_River",1942-03-16,"1.39999997615814",1944-03-16,"1.39999997615814","pet",3
"Wind_River.16","Wind_River",1951-03-16,"1.20000004768372",1953-03-16,"1.20000004768372","pet",3
"Wind_River.17","Wind_River",1960-03-16,"1.20000004768372",1962-03-16,"1.20000004768372","pet",3
"Wind_River.18","Wind_River",1901-04-16,"1.89999997615814",1903-04-16,"1.89999997615814","pet",3
"Wind_River.19","Wind_River",1934-05-16,"3.40000009536743",1936-05-16,"3.40000009536743","pet",3
"Wind_River.20","Wind_River",2010-06-16,"3.20000004768372",2012-06-16,"3.20000004768372","pet",3
"Wind_River.21","Wind_River",1905-09-16,"2.79999995231628",1907-09-16,"2.79999995231628","pet",3
"Wind_River.22","Wind_River",1902-10-16,"1.60000002384186",1904-10-16,"1.60000002384186","pet",3
"Wind_River.23","Wind_River",1909-10-16,"1.5",1911-10-16,"1.5","pet",3
"Wind_River.24","Wind_River",1938-10-16,"1.5",1940-10-16,"1.5","pet",3
"Wind_River.25","Wind_River",1949-10-16,"1.20000004768372",1951-10-16,"1.20000004768372","pet",3
"Wind_River.26","Wind_River",1959-10-16,"1.39999997615814",1961-10-16,"1.39999997615814","pet",3
"Wind_River.27","Wind_River",1967-10-16,"1.30000007152557",1969-10-16,"1.30000007152557","pet",3
"Wind_River.28","Wind_River",1901-11-16,"0.600000023841858",1903-11-16,"0.600000023841858","pet",3
"Wind_River.29","Wind_River",1930-11-16,"0.600000023841858",1932-11-16,"0.600000023841858","pet",3
"Wind_River.30","Wind_River",1943-12-16,"0.300000011920929",1945-12-16,"0.300000011920929","pet",3
"Wind_River.31","Wind_River",1964-12-16,"0.400000005960464",1966-12-16,"0.400000005960464","pet",3
"Wind_River.32","Wind_River",1976-12-16,"0.5",1978-12-16,"0.5","pet",3
"Wind_River.33","Wind_River",1993-12-16,"0.400000005960464",1995-12-16,"0.400000005960464","pet",3
"Wind_River.34","Wind_River",1997-12-16,"0.300000011920929",1999-12-16,"0.300000011920929","pet",3
"Wind_River.35","Wind_River",2000-12-16,"0.600000023841858",2002-12-16,"0.600000023841858","pet",3
"Wind_River.36","Wind_River",2005-12-16,"0.400000005960464",2007-12-16,"0.400000005960464","pet",3
"Wind_River.112","Wind_River",1945-02-15,"6.09999990463257",1947-02-15,"6.09999990463257","vap",3
"Wind_River.211","Wind_River",1960-04-16,"7.5",1962-04-16,"7.5","vap",3
"Wind_River.38","Wind_River",1902-09-16,"9.5",1904-09-16,"9.5","vap",3
"Wind_River.42","Wind_River",1987-11-16,"7.59999990463257",1989-11-16,"7.59999990463257","vap",3
"Utah_Forest_Dynamics_Plot.1","Utah_Forest_Dynamics_Plot",1996-01-16,"56.2999992370605",2002-01-16,"56.2999992370605","cld",7
"Utah_Forest_Dynamics_Plot.2","Utah_Forest_Dynamics_Plot",1996-02-15,"58.7999992370605",2002-02-15,"58.7999992370605","cld",7
"Utah_Forest_Dynamics_Plot.3","Utah_Forest_Dynamics_Plot",1996-03-16,"57.5",2002-03-16,"57.5","cld",7
"Utah_Forest_Dynamics_Plot.4","Utah_Forest_Dynamics_Plot",1996-04-16,"53.7999992370605",2002-04-16,"53.7999992370605","cld",7
"Utah_Forest_Dynamics_Plot.5","Utah_Forest_Dynamics_Plot",1996-05-16,"50",2002-05-16,"50","cld",7
"Utah_Forest_Dynamics_Plot.6","Utah_Forest_Dynamics_Plot",1996-06-16,"37.5",2002-06-16,"37.5","cld",7
"Utah_Forest_Dynamics_Plot.7","Utah_Forest_Dynamics_Plot",1996-07-16,"41.2999992370605",2002-07-16,"41.2999992370605","cld",7
"Utah_Forest_Dynamics_Plot.8","Utah_Forest_Dynamics_Plot",1996-08-16,"40",2002-08-16,"40","cld",7
"Utah_Forest_Dynamics_Plot.9","Utah_Forest_Dynamics_Plot",1996-09-16,"33.7999992370605",2002-09-16,"33.7999992370605","cld",7
"Utah_Forest_Dynamics_Plot.10","Utah_Forest_Dynamics_Plot",1996-10-16,"40",2002-10-16,"40","cld",7
"Utah_Forest_Dynamics_Plot.11","Utah_Forest_Dynamics_Plot",1996-11-16,"53.7999992370605",2002-11-16,"53.7999992370605","cld",7
"Utah_Forest_Dynamics_Plot.12","Utah_Forest_Dynamics_Plot",1996-12-16,"55",2002-12-16,"55","cld",7
"Utah_Forest_Dynamics_Plot.17","Utah_Forest_Dynamics_Plot",1998-07-16,"0",1901-08-16,"0","frs",23
"Utah_Forest_Dynamics_Plot.21","Utah_Forest_Dynamics_Plot",1927-07-16,"0",1934-07-16,"0","frs",8
"Utah_Forest_Dynamics_Plot.31","Utah_Forest_Dynamics_Plot",1966-07-16,"0",1972-07-16,"0","frs",7
"Utah_Forest_Dynamics_Plot.41","Utah_Forest_Dynamics_Plot",1934-08-16,"0",1940-08-16,"0","frs",7
"Utah_Forest_Dynamics_Plot.51","Utah_Forest_Dynamics_Plot",1919-07-16,"0",1923-07-16,"0","frs",5
"Utah_Forest_Dynamics_Plot.61","Utah_Forest_Dynamics_Plot",1994-08-16,"0",1998-08-16,"0","frs",5
"Utah_Forest_Dynamics_Plot.71","Utah_Forest_Dynamics_Plot",1988-07-16,"0",1991-07-16,"0","frs",4
"Utah_Forest_Dynamics_Plot.81","Utah_Forest_Dynamics_Plot",1908-07-16,"0",1910-07-16,"0","frs",3
"Utah_Forest_Dynamics_Plot.91","Utah_Forest_Dynamics_Plot",1959-07-16,"0",1961-07-16,"0","frs",3
"Utah_Forest_Dynamics_Plot.101","Utah_Forest_Dynamics_Plot",1929-08-16,"0",1931-08-16,"0","frs",3
"Utah_Forest_Dynamics_Plot.111","Utah_Forest_Dynamics_Plot",1969-08-16,"0",1971-08-16,"0","frs",3
"Utah_Forest_Dynamics_Plot.121","Utah_Forest_Dynamics_Plot",1982-08-16,"0",1984-08-16,"0","frs",3
"Utah_Forest_Dynamics_Plot.13","Utah_Forest_Dynamics_Plot",2011-08-16,"0",2013-08-16,"0","frs",3
"Utah_Forest_Dynamics_Plot.14","Utah_Forest_Dynamics_Plot",2017-08-16,"0",2019-08-16,"0","frs",3
"Utah_Forest_Dynamics_Plot.15","Utah_Forest_Dynamics_Plot",1924-09-16,"8.03999996185303",1926-09-16,"8.03999996185303","frs",3
"Utah_Forest_Dynamics_Plot.18","Utah_Forest_Dynamics_Plot",2015-06-16,"7.30000019073486",2018-06-16,"7.30000019073486","pet",4
"Utah_Forest_Dynamics_Plot.22","Utah_Forest_Dynamics_Plot",2004-09-16,"4.70000028610229",2007-09-16,"4.70000028610229","pet",4
"Utah_Forest_Dynamics_Plot.32","Utah_Forest_Dynamics_Plot",1970-01-16,"1.60000002384186",1972-01-16,"1.60000002384186","pet",3
"Utah_Forest_Dynamics_Plot.42","Utah_Forest_Dynamics_Plot",1951-04-16,"3.90000009536743",1953-04-16,"3.90000009536743","pet",3
"Utah_Forest_Dynamics_Plot.52","Utah_Forest_Dynamics_Plot",1985-06-16,"7.09999990463257",1987-06-16,"7.09999990463257","pet",3
"Utah_Forest_Dynamics_Plot.62","Utah_Forest_Dynamics_Plot",1946-07-16,"6.90000009536743",1948-07-16,"6.90000009536743","pet",3
"Utah_Forest_Dynamics_Plot.72","Utah_Forest_Dynamics_Plot",1952-07-16,"6.90000009536743",1954-07-16,"6.90000009536743","pet",3
"Utah_Forest_Dynamics_Plot.82","Utah_Forest_Dynamics_Plot",1982-07-16,"6.5",1984-07-16,"6.5","pet",3
"Utah_Forest_Dynamics_Plot.92","Utah_Forest_Dynamics_Plot",1987-08-16,"5.90000009536743",1989-08-16,"5.90000009536743","pet",3
"Utah_Forest_Dynamics_Plot.102","Utah_Forest_Dynamics_Plot",1998-09-16,"4.90000009536743",2000-09-16,"4.90000009536743","pet",3
"Utah_Forest_Dynamics_Plot.112","Utah_Forest_Dynamics_Plot",1990-10-16,"3.60000014305115",1992-10-16,"3.60000014305115","pet",3
"Utah_Forest_Dynamics_Plot.122","Utah_Forest_Dynamics_Plot",1991-11-16,"1.80000007152557",1993-11-16,"1.80000007152557","pet",3
"Utah_Forest_Dynamics_Plot.131","Utah_Forest_Dynamics_Plot",1918-12-16,"1.39999997615814",1920-12-16,"1.39999997615814","pet",3
"Utah_Forest_Dynamics_Plot.141","Utah_Forest_Dynamics_Plot",1947-12-16,"1.20000004768372",1949-12-16,"1.20000004768372","pet",3
"Utah_Forest_Dynamics_Plot.151","Utah_Forest_Dynamics_Plot",1952-12-16,"1.39999997615814",1954-12-16,"1.39999997615814","pet",3
"Utah_Forest_Dynamics_Plot.16","Utah_Forest_Dynamics_Plot",2004-12-16,"1.30000007152557",2006-12-16,"1.30000007152557","pet",3
"Utah_Forest_Dynamics_Plot","Utah_Forest_Dynamics_Plot",1924-09-16,"3.70000004768372",1926-09-16,"3.70000004768372","tmn",3
"Utah_Forest_Dynamics_Plot1","Utah_Forest_Dynamics_Plot",1977-07-16,"19.7000007629395",1979-07-16,"19.7000007629395","tmp",3
"Utah_Forest_Dynamics_Plot2","Utah_Forest_Dynamics_Plot",1924-09-16,"3.70000004768372",1926-09-16,"3.70000004768372","tmn",3
"Utah_Forest_Dynamics_Plot3","Utah_Forest_Dynamics_Plot",1952-12-16,"5.20000028610229",1954-12-16,"5.20000028610229","tmx",3
"Utah_Forest_Dynamics_Plot.19","Utah_Forest_Dynamics_Plot",1929-01-16,"2.20000004768372",1931-01-16,"2.20000004768372","vap",3
"Utah_Forest_Dynamics_Plot.23","Utah_Forest_Dynamics_Plot",1956-04-16,"3",1958-04-16,"3","vap",3
"Utah_Forest_Dynamics_Plot.33","Utah_Forest_Dynamics_Plot",1920-05-16,"3.70000004768372",1922-05-16,"3.70000004768372","vap",3
"Utah_Forest_Dynamics_Plot.43","Utah_Forest_Dynamics_Plot",1941-10-16,"4.30000019073486",1943-10-16,"4.30000019073486","vap",3
"Huai_Kha_Khaeng.1","Huai_Kha_Khaeng",1901-02-15,"31.3000011444092",1916-02-15,"31.3000011444092","cld",16
"Huai_Kha_Khaeng.2","Huai_Kha_Khaeng",1901-05-16,"72.5",1916-05-16,"72.5","cld",16
"Huai_Kha_Khaeng.3","Huai_Kha_Khaeng",1901-04-16,"40",1915-04-16,"40","cld",15
"Huai_Kha_Khaeng.4","Huai_Kha_Khaeng",1901-07-16,"87.5",1915-07-16,"87.5","cld",15
"Huai_Kha_Khaeng.5","Huai_Kha_Khaeng",1901-09-16,"83.8000030517578",1915-09-16,"83.8000030517578","cld",15
"Huai_Kha_Khaeng.6","Huai_Kha_Khaeng",1901-12-16,"25",1915-12-16,"25","cld",15
"Huai_Kha_Khaeng.7","Huai_Kha_Khaeng",1901-01-16,"31.3000011444092",1913-01-16,"31.3000011444092","cld",13
"Huai_Kha_Khaeng.8","Huai_Kha_Khaeng",1901-06-16,"87.5",1912-06-16,"87.5","cld",12
"Huai_Kha_Khaeng.9","Huai_Kha_Khaeng",1901-08-16,"90",1912-08-16,"90","cld",12
"Huai_Kha_Khaeng.10","Huai_Kha_Khaeng",1901-11-16,"45",1912-11-16,"45","cld",12
"Huai_Kha_Khaeng.11","Huai_Kha_Khaeng",1901-03-16,"32.5",1911-03-16,"32.5","cld",11
"Huai_Kha_Khaeng.12","Huai_Kha_Khaeng",1901-10-16,"66.3000030517578",1911-10-16,"66.3000030517578","cld",11
"Huai_Kha_Khaeng.13","Huai_Kha_Khaeng",1913-03-16,"32.5",1915-03-16,"32.5","cld",3
"Huai_Kha_Khaeng.14","Huai_Kha_Khaeng",1993-08-16,"90",1995-08-16,"90","cld",3
"Huai_Kha_Khaeng.15","Huai_Kha_Khaeng",1913-10-16,"66.3000030517578",1915-10-16,"66.3000030517578","cld",3
"Huai_Kha_Khaeng.110","Huai_Kha_Khaeng",2019-02-15,"17.3000011444092",1936-03-16,"17.3000011444092","dtr",37
"Huai_Kha_Khaeng.210","Huai_Kha_Khaeng",1901-01-16,"16.7000007629395",1936-01-16,"16.7000007629395","dtr",36
"Huai_Kha_Khaeng.310","Huai_Kha_Khaeng",1901-02-15,"17.7000007629395",1936-02-15,"17.7000007629395","dtr",36
"Huai_Kha_Khaeng.410","Huai_Kha_Khaeng",1901-04-16,"14.6999998092651",1936-04-16,"14.6999998092651","dtr",36
"Huai_Kha_Khaeng.510","Huai_Kha_Khaeng",1901-05-16,"10.9000005722046",1936-05-16,"10.9000005722046","dtr",36
"Huai_Kha_Khaeng.610","Huai_Kha_Khaeng",1901-06-16,"8.10000038146973",1936-06-16,"8.10000038146973","dtr",36
"Huai_Kha_Khaeng.710","Huai_Kha_Khaeng",1901-07-16,"8",1936-07-16,"8","dtr",36
"Huai_Kha_Khaeng.85","Huai_Kha_Khaeng",1901-08-16,"7.59999990463257",1936-08-16,"7.59999990463257","dtr",36
"Huai_Kha_Khaeng.91","Huai_Kha_Khaeng",1901-10-16,"9.40000057220459",1936-10-16,"9.40000057220459","dtr",36
"Huai_Kha_Khaeng.101","Huai_Kha_Khaeng",1901-09-16,"8.30000019073486",1935-09-16,"8.30000019073486","dtr",35
"Huai_Kha_Khaeng.111","Huai_Kha_Khaeng",1901-11-16,"11.6000003814697",1935-11-16,"11.6000003814697","dtr",35
"Huai_Kha_Khaeng.121","Huai_Kha_Khaeng",1901-12-16,"15",1935-12-16,"15","dtr",35
"Huai_Kha_Khaeng.131","Huai_Kha_Khaeng",1950-09-16,"8.5",1953-09-16,"8.5","dtr",4
"Huai_Kha_Khaeng.141","Huai_Kha_Khaeng",2013-04-16,"14.5",2015-04-16,"14.5","dtr",3
"Huai_Kha_Khaeng.151","Huai_Kha_Khaeng",2017-09-16,"8.80000019073486",2019-09-16,"8.80000019073486","dtr",3
"Huai_Kha_Khaeng","Huai_Kha_Khaeng",1901-01-16,"0",2019-12-16,"0","frs",1428
"Huai_Kha_Khaeng.112","Huai_Kha_Khaeng",1901-10-16,"2.90000009536743",1915-10-16,"2.90000009536743","pet",15
"Huai_Kha_Khaeng.211","Huai_Kha_Khaeng",1906-07-16,"2.79999995231628",1916-07-16,"2.79999995231628","pet",11
"Huai_Kha_Khaeng.311","Huai_Kha_Khaeng",1907-02-15,"3.90000009536743",1914-02-15,"3.90000009536743","pet",8
"Huai_Kha_Khaeng.411","Huai_Kha_Khaeng",1902-09-16,"2.70000004768372",1909-09-16,"2.70000004768372","pet",8
"Huai_Kha_Khaeng.511","Huai_Kha_Khaeng",2019-07-16,"2.70000004768372",1906-08-16,"2.70000004768372","pet",7
"Huai_Kha_Khaeng.611","Huai_Kha_Khaeng",1904-03-16,"4.70000028610229",1909-03-16,"4.70000028610229","pet",6
"Huai_Kha_Khaeng.711","Huai_Kha_Khaeng",1921-09-16,"2.5",1926-09-16,"2.5","pet",6
"Huai_Kha_Khaeng.86","Huai_Kha_Khaeng",1907-05-16,"3.5",1911-05-16,"3.5","pet",5
"Huai_Kha_Khaeng.92","Huai_Kha_Khaeng",1913-05-16,"3.5",1917-05-16,"3.5","pet",5
"Huai_Kha_Khaeng.102","Huai_Kha_Khaeng",1940-08-16,"2.60000014305115",1944-08-16,"2.60000014305115","pet",5
"Huai_Kha_Khaeng.113","Huai_Kha_Khaeng",1911-09-16,"2.70000004768372",1915-09-16,"2.70000004768372","pet",5
"Huai_Kha_Khaeng.122","Huai_Kha_Khaeng",1963-09-16,"2.60000014305115",1967-09-16,"2.60000014305115","pet",5
"Huai_Kha_Khaeng.132","Huai_Kha_Khaeng",1971-12-16,"2.90000009536743",1975-12-16,"2.90000009536743","pet",5
"Huai_Kha_Khaeng.142","Huai_Kha_Khaeng",1956-01-16,"3.29999995231628",1959-01-16,"3.29999995231628","pet",4
"Huai_Kha_Khaeng.152","Huai_Kha_Khaeng",1988-01-16,"3.20000004768372",1991-01-16,"3.20000004768372","pet",4
"Huai_Kha_Khaeng.16","Huai_Kha_Khaeng",2015-01-16,"3",2018-01-16,"3","pet",4
"Huai_Kha_Khaeng.17","Huai_Kha_Khaeng",1928-02-15,"3.90000009536743",1931-02-15,"3.90000009536743","pet",4
"Huai_Kha_Khaeng.18","Huai_Kha_Khaeng",1938-02-15,"3.90000009536743",1941-02-15,"3.90000009536743","pet",4
"Huai_Kha_Khaeng.19","Huai_Kha_Khaeng",1913-03-16,"4.70000028610229",1916-03-16,"4.70000028610229","pet",4
"Huai_Kha_Khaeng.20","Huai_Kha_Khaeng",1912-04-16,"4.90000009536743",1915-04-16,"4.90000009536743","pet",4
"Huai_Kha_Khaeng.21","Huai_Kha_Khaeng",1908-06-16,"2.79999995231628",1911-06-16,"2.79999995231628","pet",4
"Huai_Kha_Khaeng.22","Huai_Kha_Khaeng",1913-06-16,"2.79999995231628",1916-06-16,"2.79999995231628","pet",4
"Huai_Kha_Khaeng.23","Huai_Kha_Khaeng",1987-06-16,"2.79999995231628",1990-06-16,"2.79999995231628","pet",4
"Huai_Kha_Khaeng.24","Huai_Kha_Khaeng",1922-07-16,"2.60000014305115",1925-07-16,"2.60000014305115","pet",4
"Huai_Kha_Khaeng.25","Huai_Kha_Khaeng",1943-07-16,"2.79999995231628",1946-07-16,"2.79999995231628","pet",4
"Huai_Kha_Khaeng.26","Huai_Kha_Khaeng",1931-08-16,"2.5",1934-08-16,"2.5","pet",4
"Huai_Kha_Khaeng.27","Huai_Kha_Khaeng",1948-08-16,"2.70000004768372",1951-08-16,"2.70000004768372","pet",4
"Huai_Kha_Khaeng.28","Huai_Kha_Khaeng",1971-08-16,"2.60000014305115",1974-08-16,"2.60000014305115","pet",4
"Huai_Kha_Khaeng.29","Huai_Kha_Khaeng",1926-11-16,"2.90000009536743",1929-11-16,"2.90000009536743","pet",4
"Huai_Kha_Khaeng.30","Huai_Kha_Khaeng",1927-12-16,"3.10000014305115",1930-12-16,"3.10000014305115","pet",4
"Huai_Kha_Khaeng.31","Huai_Kha_Khaeng",1907-01-16,"3.10000014305115",1909-01-16,"3.10000014305115","pet",3
"Huai_Kha_Khaeng.32","Huai_Kha_Khaeng",1911-01-16,"3.10000014305115",1913-01-16,"3.10000014305115","pet",3
"Huai_Kha_Khaeng.33","Huai_Kha_Khaeng",1922-01-16,"3.20000004768372",1924-01-16,"3.20000004768372","pet",3
"Huai_Kha_Khaeng.34","Huai_Kha_Khaeng",1929-01-16,"3.20000004768372",1931-01-16,"3.20000004768372","pet",3
"Huai_Kha_Khaeng.35","Huai_Kha_Khaeng",1985-01-16,"3.10000014305115",1987-01-16,"3.10000014305115","pet",3
"Huai_Kha_Khaeng.36","Huai_Kha_Khaeng",2000-01-16,"3",2002-01-16,"3","pet",3
"Huai_Kha_Khaeng.37","Huai_Kha_Khaeng",2003-01-16,"3.20000004768372",2005-01-16,"3.20000004768372","pet",3
"Huai_Kha_Khaeng.38","Huai_Kha_Khaeng",1925-02-15,"3.79999995231628",1927-02-15,"3.79999995231628","pet",3
"Huai_Kha_Khaeng.39","Huai_Kha_Khaeng",1956-02-15,"3.90000009536743",1958-02-15,"3.90000009536743","pet",3
"Huai_Kha_Khaeng.40","Huai_Kha_Khaeng",1981-02-15,"3.90000009536743",1983-02-15,"3.90000009536743","pet",3
"Huai_Kha_Khaeng.41","Huai_Kha_Khaeng",1939-03-16,"4.70000028610229",1941-03-16,"4.70000028610229","pet",3
"Huai_Kha_Khaeng.42","Huai_Kha_Khaeng",1953-03-16,"4.80000019073486",1955-03-16,"4.80000019073486","pet",3
"Huai_Kha_Khaeng.43","Huai_Kha_Khaeng",1907-04-16,"4.90000009536743",1909-04-16,"4.90000009536743","pet",3
"Huai_Kha_Khaeng.44","Huai_Kha_Khaeng",1932-04-16,"4.80000019073486",1934-04-16,"4.80000019073486","pet",3
"Huai_Kha_Khaeng.45","Huai_Kha_Khaeng",1936-04-16,"4.90000009536743",1938-04-16,"4.90000009536743","pet",3
"Huai_Kha_Khaeng.46","Huai_Kha_Khaeng",2007-04-16,"4.70000028610229",2009-04-16,"4.70000028610229","pet",3
"Huai_Kha_Khaeng.47","Huai_Kha_Khaeng",1901-06-16,"2.90000009536743",1903-06-16,"2.90000009536743","pet",3
"Huai_Kha_Khaeng.48","Huai_Kha_Khaeng",1905-06-16,"2.90000009536743",1907-06-16,"2.90000009536743","pet",3
"Huai_Kha_Khaeng.49","Huai_Kha_Khaeng",1919-06-16,"2.79999995231628",1921-06-16,"2.79999995231628","pet",3
"Huai_Kha_Khaeng.50","Huai_Kha_Khaeng",1922-06-16,"2.70000004768372",1924-06-16,"2.70000004768372","pet",3
"Huai_Kha_Khaeng.51","Huai_Kha_Khaeng",1948-06-16,"2.90000009536743",1950-06-16,"2.90000009536743","pet",3
"Huai_Kha_Khaeng.52","Huai_Kha_Khaeng",1956-06-16,"2.90000009536743",1958-06-16,"2.90000009536743","pet",3
"Huai_Kha_Khaeng.53","Huai_Kha_Khaeng",1926-07-16,"2.70000004768372",1928-07-16,"2.70000004768372","pet",3
"Huai_Kha_Khaeng.54","Huai_Kha_Khaeng",1939-07-16,"2.79999995231628",1941-07-16,"2.79999995231628","pet",3
"Huai_Kha_Khaeng.55","Huai_Kha_Khaeng",1989-07-16,"2.79999995231628",1991-07-16,"2.79999995231628","pet",3
"Huai_Kha_Khaeng.56","Huai_Kha_Khaeng",2015-07-16,"2.79999995231628",2017-07-16,"2.79999995231628","pet",3
"Huai_Kha_Khaeng.57","Huai_Kha_Khaeng",1907-08-16,"2.60000014305115",1909-08-16,"2.60000014305115","pet",3
"Huai_Kha_Khaeng.58","Huai_Kha_Khaeng",1914-08-16,"2.60000014305115",1916-08-16,"2.60000014305115","pet",3
"Huai_Kha_Khaeng.59","Huai_Kha_Khaeng",1962-08-16,"2.70000004768372",1964-08-16,"2.70000004768372","pet",3
"Huai_Kha_Khaeng.60","Huai_Kha_Khaeng",1994-08-16,"2.60000014305115",1996-08-16,"2.60000014305115","pet",3
"Huai_Kha_Khaeng.61","Huai_Kha_Khaeng",1930-09-16,"2.40000009536743",1932-09-16,"2.40000009536743","pet",3
"Huai_Kha_Khaeng.62","Huai_Kha_Khaeng",1940-09-16,"2.70000004768372",1942-09-16,"2.70000004768372","pet",3
"Huai_Kha_Khaeng.63","Huai_Kha_Khaeng",1945-09-16,"2.60000014305115",1947-09-16,"2.60000014305115","pet",3
"Huai_Kha_Khaeng.64","Huai_Kha_Khaeng",1956-09-16,"2.60000014305115",1958-09-16,"2.60000014305115","pet",3
"Huai_Kha_Khaeng.65","Huai_Kha_Khaeng",1975-09-16,"2.60000014305115",1977-09-16,"2.60000014305115","pet",3
"Huai_Kha_Khaeng.66","Huai_Kha_Khaeng",1988-09-16,"2.79999995231628",1990-09-16,"2.79999995231628","pet",3
"Huai_Kha_Khaeng.67","Huai_Kha_Khaeng",2003-09-16,"2.5",2005-09-16,"2.5","pet",3
"Huai_Kha_Khaeng.68","Huai_Kha_Khaeng",1935-10-16,"2.90000009536743",1937-10-16,"2.90000009536743","pet",3
"Huai_Kha_Khaeng.69","Huai_Kha_Khaeng",1949-10-16,"2.90000009536743",1951-10-16,"2.90000009536743","pet",3
"Huai_Kha_Khaeng.70","Huai_Kha_Khaeng",1954-10-16,"2.90000009536743",1956-10-16,"2.90000009536743","pet",3
"Huai_Kha_Khaeng.71","Huai_Kha_Khaeng",1965-10-16,"2.90000009536743",1967-10-16,"2.90000009536743","pet",3
"Huai_Kha_Khaeng.72","Huai_Kha_Khaeng",1976-10-16,"2.90000009536743",1978-10-16,"2.90000009536743","pet",3
"Huai_Kha_Khaeng.73","Huai_Kha_Khaeng",1989-10-16,"2.79999995231628",1991-10-16,"2.79999995231628","pet",3
"Huai_Kha_Khaeng.74","Huai_Kha_Khaeng",1938-11-16,"3",1940-11-16,"3","pet",3
"Huai_Kha_Khaeng.75","Huai_Kha_Khaeng",1941-11-16,"2.79999995231628",1943-11-16,"2.79999995231628","pet",3
"Huai_Kha_Khaeng.76","Huai_Kha_Khaeng",1945-11-16,"3",1947-11-16,"3","pet",3
"Huai_Kha_Khaeng.77","Huai_Kha_Khaeng",1972-11-16,"2.79999995231628",1974-11-16,"2.79999995231628","pet",3
"Huai_Kha_Khaeng.78","Huai_Kha_Khaeng",1919-12-16,"3",1921-12-16,"3","pet",3
"Huai_Kha_Khaeng.79","Huai_Kha_Khaeng",1924-12-16,"2.90000009536743",1926-12-16,"2.90000009536743","pet",3
"Huai_Kha_Khaeng.80","Huai_Kha_Khaeng",1931-12-16,"2.90000009536743",1933-12-16,"2.90000009536743","pet",3
"Huai_Kha_Khaeng.81","Huai_Kha_Khaeng",1942-12-16,"2.90000009536743",1944-12-16,"2.90000009536743","pet",3
"Huai_Kha_Khaeng.82","Huai_Kha_Khaeng",1952-12-16,"3",1954-12-16,"3","pet",3
"Huai_Kha_Khaeng.83","Huai_Kha_Khaeng",1965-12-16,"3",1967-12-16,"3","pet",3
"Huai_Kha_Khaeng.84","Huai_Kha_Khaeng",2010-12-16,"3.10000014305115",2012-12-16,"3.10000014305115","pet",3
"Huai_Kha_Khaeng.114","Huai_Kha_Khaeng",1931-01-16,"0.100000001490116",1934-01-16,"0.100000001490116","pre",4
"Huai_Kha_Khaeng.212","Huai_Kha_Khaeng",1955-12-16,"0",1958-12-16,"0","pre",4
"Huai_Kha_Khaeng.312","Huai_Kha_Khaeng",1987-12-16,"0",1990-12-16,"0","pre",4
"Huai_Kha_Khaeng.412","Huai_Kha_Khaeng",1980-01-16,"0.100000001490116",1982-01-16,"0.100000001490116","pre",3
"Huai_Kha_Khaeng.512","Huai_Kha_Khaeng",1904-02-15,"5.5",1906-02-15,"5.5","pre",3
"Huai_Kha_Khaeng.612","Huai_Kha_Khaeng",1927-12-16,"0",1929-12-16,"0","pre",3
"Huai_Kha_Khaeng.712","Huai_Kha_Khaeng",1946-12-16,"0.100000001490116",1948-12-16,"0.100000001490116","pre",3
"Huai_Kha_Khaeng.87","Huai_Kha_Khaeng",1978-12-16,"0",1980-12-16,"0","pre",3
"Huai_Kha_Khaeng.115","Huai_Kha_Khaeng",1926-03-16,"17.3999996185303",1928-03-16,"17.3999996185303","tmn",3
"Huai_Kha_Khaeng.213","Huai_Kha_Khaeng",2000-05-16,"21.3999996185303",2002-05-16,"21.3999996185303","tmn",3
"Huai_Kha_Khaeng.313","Huai_Kha_Khaeng",1948-07-16,"21.3999996185303",1950-07-16,"21.3999996185303","tmn",3
"Huai_Kha_Khaeng.413","Huai_Kha_Khaeng",1973-08-16,"21.7000007629395",1975-08-16,"21.7000007629395","tmn",3
"Huai_Kha_Khaeng.513","Huai_Kha_Khaeng",1983-08-16,"21.3000011444092",1985-08-16,"21.3000011444092","tmn",3
"Huai_Kha_Khaeng.613","Huai_Kha_Khaeng",1992-08-16,"21.8999996185303",1994-08-16,"21.8999996185303","tmn",3
"Huai_Kha_Khaeng.713","Huai_Kha_Khaeng",2017-10-16,"21.2000007629395",2019-10-16,"21.2000007629395","tmn",3
"Huai_Kha_Khaeng.116","Huai_Kha_Khaeng",1926-03-16,"26",1928-03-16,"26","tmp",3
"Huai_Kha_Khaeng.214","Huai_Kha_Khaeng",1999-06-16,"25.7000007629395",2001-06-16,"25.7000007629395","tmp",3
"Huai_Kha_Khaeng.314","Huai_Kha_Khaeng",1947-07-16,"25.6000003814697",1949-07-16,"25.6000003814697","tmp",3
"Huai_Kha_Khaeng.414","Huai_Kha_Khaeng",1951-07-16,"25.3999996185303",1953-07-16,"25.3999996185303","tmp",3
"Huai_Kha_Khaeng.514","Huai_Kha_Khaeng",1957-10-16,"25",1959-10-16,"25","tmp",3
"Huai_Kha_Khaeng.614","Huai_Kha_Khaeng",1980-10-16,"25.1000003814697",1982-10-16,"25.1000003814697","tmp",3
"Huai_Kha_Khaeng.117","Huai_Kha_Khaeng",1926-03-16,"17.3999996185303",1928-03-16,"17.3999996185303","tmn",3
"Huai_Kha_Khaeng.215","Huai_Kha_Khaeng",2000-05-16,"21.3999996185303",2002-05-16,"21.3999996185303","tmn",3
"Huai_Kha_Khaeng.315","Huai_Kha_Khaeng",1948-07-16,"21.3999996185303",1950-07-16,"21.3999996185303","tmn",3
"Huai_Kha_Khaeng.415","Huai_Kha_Khaeng",1973-08-16,"21.7000007629395",1975-08-16,"21.7000007629395","tmn",3
"Huai_Kha_Khaeng.515","Huai_Kha_Khaeng",1983-08-16,"21.3000011444092",1985-08-16,"21.3000011444092","tmn",3
"Huai_Kha_Khaeng.615","Huai_Kha_Khaeng",1992-08-16,"21.8999996185303",1994-08-16,"21.8999996185303","tmn",3
"Huai_Kha_Khaeng.714","Huai_Kha_Khaeng",2017-10-16,"21.2000007629395",2019-10-16,"21.2000007629395","tmn",3
"Huai_Kha_Khaeng.118","Huai_Kha_Khaeng",1958-01-16,"31.2000007629395",1960-01-16,"31.2000007629395","tmx",3
"Huai_Kha_Khaeng.216","Huai_Kha_Khaeng",1926-03-16,"34.7000007629395",1928-03-16,"34.7000007629395","tmx",3
"Huai_Kha_Khaeng.316","Huai_Kha_Khaeng",1962-08-16,"29.2000007629395",1964-08-16,"29.2000007629395","tmx",3
"Huai_Kha_Khaeng.416","Huai_Kha_Khaeng",2012-08-16,"29.5",2014-08-16,"29.5","tmx",3
"Huai_Kha_Khaeng.516","Huai_Kha_Khaeng",1964-09-16,"29.3000011444092",1966-09-16,"29.3000011444092","tmx",3
"Huai_Kha_Khaeng.616","Huai_Kha_Khaeng",1989-10-16,"30.1000003814697",1991-10-16,"30.1000003814697","tmx",3
"Huai_Kha_Khaeng.715","Huai_Kha_Khaeng",1950-11-16,"29.7000007629395",1952-11-16,"29.7000007629395","tmx",3
"Huai_Kha_Khaeng.119","Huai_Kha_Khaeng",1974-06-16,"27.6000003814697",1976-06-16,"27.6000003814697","vap",3
"Huai_Kha_Khaeng.217","Huai_Kha_Khaeng",1946-09-16,"27.8999996185303",1948-09-16,"27.8999996185303","vap",3
"Huai_Kha_Khaeng.120","Huai_Kha_Khaeng",1931-01-16,"0.02",1936-01-16,"0.02","wet",6
"Huai_Kha_Khaeng.218","Huai_Kha_Khaeng",1987-12-16,"0.01",1990-12-16,"0.01","wet",4
"Huai_Kha_Khaeng.317","Huai_Kha_Khaeng",1980-01-16,"0.02",1982-01-16,"0.02","wet",3
"Huai_Kha_Khaeng.417","Huai_Kha_Khaeng",1904-02-15,"0.870000005",1906-02-15,"0.870000005","wet",3
"Huai_Kha_Khaeng.517","Huai_Kha_Khaeng",1927-12-16,"0.01",1929-12-16,"0.01","wet",3
"Huai_Kha_Khaeng.617","Huai_Kha_Khaeng",1956-12-16,"0.01",1958-12-16,"0.01","wet",3
"Huai_Kha_Khaeng.716","Huai_Kha_Khaeng",1978-12-16,"0.01",1980-12-16,"0.01","wet",3
"Barro_Colorado_Island.1","Barro_Colorado_Island",1901-03-16,"43.7999992370605",1929-03-16,"43.7999992370605","cld",29
"Barro_Colorado_Island.2","Barro_Colorado_Island",1901-04-16,"46.2999992370605",1929-04-16,"46.2999992370605","cld",29
"Barro_Colorado_Island.3","Barro_Colorado_Island",1901-09-16,"65",1929-09-16,"65","cld",29
"Barro_Colorado_Island.4","Barro_Colorado_Island",1901-10-16,"66.3000030517578",1929-10-16,"66.3000030517578","cld",29
"Barro_Colorado_Island.5","Barro_Colorado_Island",1901-02-15,"40",1927-02-15,"40","cld",27
"Barro_Colorado_Island.6","Barro_Colorado_Island",1910-07-16,"63.7999992370605",1925-07-16,"63.7999992370605","cld",16
"Barro_Colorado_Island.7","Barro_Colorado_Island",1901-11-16,"65",1916-11-16,"65","cld",16
"Barro_Colorado_Island.8","Barro_Colorado_Island",1915-05-16,"61.2999992370605",1929-05-16,"61.2999992370605","cld",15
"Barro_Colorado_Island.9","Barro_Colorado_Island",1918-11-16,"65",1930-11-16,"65","cld",13
"Barro_Colorado_Island.10","Barro_Colorado_Island",1910-06-16,"62.5",1921-06-16,"62.5","cld",12
"Barro_Colorado_Island.11","Barro_Colorado_Island",1915-12-16,"60",1924-12-16,"60","cld",10
"Barro_Colorado_Island.12","Barro_Colorado_Island",1910-01-16,"50",1918-01-16,"50","cld",9
"Barro_Colorado_Island.13","Barro_Colorado_Island",1914-08-16,"65",1921-08-16,"65","cld",8
"Barro_Colorado_Island.14","Barro_Colorado_Island",1901-01-16,"50",1907-01-16,"50","cld",7
"Barro_Colorado_Island.15","Barro_Colorado_Island",1920-01-16,"50",1926-01-16,"50","cld",7
"Barro_Colorado_Island.16","Barro_Colorado_Island",1923-06-16,"62.5",1929-06-16,"62.5","cld",7
"Barro_Colorado_Island.17","Barro_Colorado_Island",1901-12-16,"60",1907-12-16,"60","cld",7
"Barro_Colorado_Island.18","Barro_Colorado_Island",1902-05-16,"61.2999992370605",1907-05-16,"61.2999992370605","cld",6
"Barro_Colorado_Island.19","Barro_Colorado_Island",1902-06-16,"62.5",1907-06-16,"62.5","cld",6
"Barro_Colorado_Island.20","Barro_Colorado_Island",1991-04-16,"46.2999992370605",1995-04-16,"46.2999992370605","cld",5
"Barro_Colorado_Island.21","Barro_Colorado_Island",1902-07-16,"63.7999992370605",1905-07-16,"63.7999992370605","cld",4
"Barro_Colorado_Island.22","Barro_Colorado_Island",1902-08-16,"65",1905-08-16,"65","cld",4
"Barro_Colorado_Island.23","Barro_Colorado_Island",1992-10-16,"66.3000030517578",1995-10-16,"66.3000030517578","cld",4
"Barro_Colorado_Island.24","Barro_Colorado_Island",1992-11-16,"65",1995-11-16,"65","cld",4
"Barro_Colorado_Island.25","Barro_Colorado_Island",1939-03-16,"42.9000015258789",1941-03-16,"42.9000015258789","cld",3
"Barro_Colorado_Island.26","Barro_Colorado_Island",1993-03-16,"43.7999992370605",1995-03-16,"43.7999992370605","cld",3
"Barro_Colorado_Island.27","Barro_Colorado_Island",1993-05-16,"61.2999992370605",1995-05-16,"61.2999992370605","cld",3
"Barro_Colorado_Island.28","Barro_Colorado_Island",1993-06-16,"62.5",1995-06-16,"62.5","cld",3
"Barro_Colorado_Island.29","Barro_Colorado_Island",1993-07-16,"63.7999992370605",1995-07-16,"63.7999992370605","cld",3
"Barro_Colorado_Island.30","Barro_Colorado_Island",1927-08-16,"65",1929-08-16,"65","cld",3
"Barro_Colorado_Island.31","Barro_Colorado_Island",1993-08-16,"65",1995-08-16,"65","cld",3
"Barro_Colorado_Island.32","Barro_Colorado_Island",1993-09-16,"65",1995-09-16,"65","cld",3
"Barro_Colorado_Island.33","Barro_Colorado_Island",1993-12-16,"60",1995-12-16,"60","cld",3
"Barro_Colorado_Island.110","Barro_Colorado_Island",1901-01-16,"6.70000028610229",1941-01-16,"6.70000028610229","dtr",41
"Barro_Colorado_Island.210","Barro_Colorado_Island",1901-02-15,"7.30000019073486",1941-02-15,"7.30000019073486","dtr",41
"Barro_Colorado_Island.310","Barro_Colorado_Island",1901-03-16,"6.90000009536743",1941-03-16,"6.90000009536743","dtr",41
"Barro_Colorado_Island.410","Barro_Colorado_Island",1901-04-16,"6.90000009536743",1940-04-16,"6.90000009536743","dtr",40
"Barro_Colorado_Island.510","Barro_Colorado_Island",1901-05-16,"6.59999990463257",1940-05-16,"6.59999990463257","dtr",40
"Barro_Colorado_Island.610","Barro_Colorado_Island",1901-06-16,"6.30000019073486",1940-06-16,"6.30000019073486","dtr",40
"Barro_Colorado_Island.78","Barro_Colorado_Island",1901-07-16,"6.30000019073486",1940-07-16,"6.30000019073486","dtr",40
"Barro_Colorado_Island.81","Barro_Colorado_Island",1901-08-16,"6.20000028610229",1940-08-16,"6.20000028610229","dtr",40
"Barro_Colorado_Island.91","Barro_Colorado_Island",1901-09-16,"6.5",1940-09-16,"6.5","dtr",40
"Barro_Colorado_Island.101","Barro_Colorado_Island",1901-10-16,"6.5",1940-10-16,"6.5","dtr",40
"Barro_Colorado_Island.111","Barro_Colorado_Island",1901-11-16,"5.90000009536743",1940-11-16,"5.90000009536743","dtr",40
"Barro_Colorado_Island.121","Barro_Colorado_Island",1901-12-16,"6.40000009536743",1940-12-16,"6.40000009536743","dtr",40
"Barro_Colorado_Island.131","Barro_Colorado_Island",1991-07-16,"6.30000019073486",2008-07-16,"6.30000019073486","dtr",18
"Barro_Colorado_Island.141","Barro_Colorado_Island",1991-03-16,"6.90000009536743",2002-03-16,"6.90000009536743","dtr",12
"Barro_Colorado_Island.151","Barro_Colorado_Island",1998-04-16,"6.90000009536743",2007-04-16,"6.90000009536743","dtr",10
"Barro_Colorado_Island.161","Barro_Colorado_Island",1991-01-16,"6.70000028610229",1997-01-16,"6.70000028610229","dtr",7
"Barro_Colorado_Island.171","Barro_Colorado_Island",1990-06-16,"6.30000019073486",1996-06-16,"6.30000019073486","dtr",7
"Barro_Colorado_Island.181","Barro_Colorado_Island",1991-12-16,"6.40000009536743",1997-12-16,"6.40000009536743","dtr",7
"Barro_Colorado_Island.191","Barro_Colorado_Island",1997-02-15,"7.30000019073486",2002-02-15,"7.30000019073486","dtr",6
"Barro_Colorado_Island.201","Barro_Colorado_Island",1991-04-16,"6.90000009536743",1996-04-16,"6.90000009536743","dtr",6
"Barro_Colorado_Island.211","Barro_Colorado_Island",1992-05-16,"6.59999990463257",1997-05-16,"6.59999990463257","dtr",6
"Barro_Colorado_Island.221","Barro_Colorado_Island",1999-01-16,"6.70000028610229",2003-01-16,"6.70000028610229","dtr",5
"Barro_Colorado_Island.231","Barro_Colorado_Island",1991-02-15,"7.30000019073486",1995-02-15,"7.30000019073486","dtr",5
"Barro_Colorado_Island.241","Barro_Colorado_Island",2004-03-16,"6.90000009536743",2008-03-16,"6.90000009536743","dtr",5
"Barro_Colorado_Island.251","Barro_Colorado_Island",1991-08-16,"6.20000028610229",1995-08-16,"6.20000028610229","dtr",5
"Barro_Colorado_Island.261","Barro_Colorado_Island",1999-08-16,"6.20000028610229",2003-08-16,"6.20000028610229","dtr",5
"Barro_Colorado_Island.271","Barro_Colorado_Island",1991-09-16,"6.5",1995-09-16,"6.5","dtr",5
"Barro_Colorado_Island.281","Barro_Colorado_Island",1991-10-16,"6.5",1995-10-16,"6.5","dtr",5
"Barro_Colorado_Island.291","Barro_Colorado_Island",1991-11-16,"5.90000009536743",1995-11-16,"5.90000009536743","dtr",5
"Barro_Colorado_Island.301","Barro_Colorado_Island",2004-02-15,"7.30000019073486",2007-02-15,"7.30000019073486","dtr",4
"Barro_Colorado_Island.311","Barro_Colorado_Island",1949-04-16,"6.90000009536743",1952-04-16,"6.90000009536743","dtr",4
"Barro_Colorado_Island.321","Barro_Colorado_Island",1949-05-16,"6.59999990463257",1952-05-16,"6.59999990463257","dtr",4
"Barro_Colorado_Island.331","Barro_Colorado_Island",1999-05-16,"6.59999990463257",2002-05-16,"6.59999990463257","dtr",4
"Barro_Colorado_Island.34","Barro_Colorado_Island",1949-06-16,"6.30000019073486",1952-06-16,"6.30000019073486","dtr",4
"Barro_Colorado_Island.35","Barro_Colorado_Island",1999-06-16,"6.30000019073486",2002-06-16,"6.30000019073486","dtr",4
"Barro_Colorado_Island.36","Barro_Colorado_Island",2013-06-16,"6.09999990463257",2016-06-16,"6.09999990463257","dtr",4
"Barro_Colorado_Island.37","Barro_Colorado_Island",1949-08-16,"6.20000028610229",1952-08-16,"6.20000028610229","dtr",4
"Barro_Colorado_Island.38","Barro_Colorado_Island",1999-11-16,"5.90000009536743",2002-11-16,"5.90000009536743","dtr",4
"Barro_Colorado_Island.39","Barro_Colorado_Island",2013-02-15,"6.30000019073486",2015-02-15,"6.30000019073486","dtr",3
"Barro_Colorado_Island.40","Barro_Colorado_Island",1946-05-16,"6.80000019073486",1948-05-16,"6.80000019073486","dtr",3
"Barro_Colorado_Island.41","Barro_Colorado_Island",1950-07-16,"6.30000019073486",1952-07-16,"6.30000019073486","dtr",3
"Barro_Colorado_Island.42","Barro_Colorado_Island",1966-07-16,"6.40000009536743",1968-07-16,"6.40000009536743","dtr",3
"Barro_Colorado_Island.43","Barro_Colorado_Island",1984-08-16,"5.80000019073486",1986-08-16,"5.80000019073486","dtr",3
"Barro_Colorado_Island.44","Barro_Colorado_Island",1950-09-16,"6.5",1952-09-16,"6.5","dtr",3
"Barro_Colorado_Island.45","Barro_Colorado_Island",1999-09-16,"6.5",2001-09-16,"6.5","dtr",3
"Barro_Colorado_Island.46","Barro_Colorado_Island",2014-09-16,"6.30000019073486",2016-09-16,"6.30000019073486","dtr",3
"Barro_Colorado_Island.47","Barro_Colorado_Island",1999-10-16,"6.5",2001-10-16,"6.5","dtr",3
"Barro_Colorado_Island.48","Barro_Colorado_Island",2014-10-16,"6.20000028610229",2016-10-16,"6.20000028610229","dtr",3
"Barro_Colorado_Island.49","Barro_Colorado_Island",2017-10-16,"6.5",2019-10-16,"6.5","dtr",3
"Barro_Colorado_Island.50","Barro_Colorado_Island",1999-12-16,"6.40000009536743",2001-12-16,"6.40000009536743","dtr",3
"Barro_Colorado_Island.51","Barro_Colorado_Island",2005-12-16,"6.40000009536743",2007-12-16,"6.40000009536743","dtr",3
"Barro_Colorado_Island","Barro_Colorado_Island",1901-01-16,"0",2019-12-16,"0","frs",1428
"Barro_Colorado_Island.112","Barro_Colorado_Island",1901-09-16,"3.29999995231628",1923-09-16,"3.29999995231628","pet",23
"Barro_Colorado_Island.212","Barro_Colorado_Island",1901-11-16,"2.90000009536743",1920-11-16,"2.90000009536743","pet",20
"Barro_Colorado_Island.312","Barro_Colorado_Island",2019-02-15,"4.80000019073486",1916-03-16,"4.80000019073486","pet",17
"Barro_Colorado_Island.411","Barro_Colorado_Island",1901-01-16,"3.70000004768372",1916-01-16,"3.70000004768372","pet",16
"Barro_Colorado_Island.511","Barro_Colorado_Island",1901-02-15,"4.59999990463257",1916-02-15,"4.59999990463257","pet",16
"Barro_Colorado_Island.611","Barro_Colorado_Island",1901-06-16,"3.40000009536743",1916-06-16,"3.40000009536743","pet",16
"Barro_Colorado_Island.79","Barro_Colorado_Island",1901-04-16,"4.70000028610229",1915-04-16,"4.70000028610229","pet",15
"Barro_Colorado_Island.82","Barro_Colorado_Island",1901-05-16,"3.60000014305115",1914-05-16,"3.60000014305115","pet",14
"Barro_Colorado_Island.92","Barro_Colorado_Island",1901-07-16,"3.40000009536743",1914-07-16,"3.40000009536743","pet",14
"Barro_Colorado_Island.102","Barro_Colorado_Island",1901-08-16,"3.29999995231628",1914-08-16,"3.29999995231628","pet",14
"Barro_Colorado_Island.113","Barro_Colorado_Island",1901-10-16,"3",1914-10-16,"3","pet",14
"Barro_Colorado_Island.122","Barro_Colorado_Island",1901-12-16,"3",1914-12-16,"3","pet",14
"Barro_Colorado_Island.132","Barro_Colorado_Island",1916-08-16,"3.29999995231628",1925-08-16,"3.29999995231628","pet",10
"Barro_Colorado_Island.142","Barro_Colorado_Island",1916-12-16,"3",1924-12-16,"3","pet",9
"Barro_Colorado_Island.152","Barro_Colorado_Island",1918-02-15,"4.59999990463257",1924-02-15,"4.59999990463257","pet",7
"Barro_Colorado_Island.162","Barro_Colorado_Island",1934-06-16,"3.40000009536743",1940-06-16,"3.40000009536743","pet",7
"Barro_Colorado_Island.172","Barro_Colorado_Island",1916-07-16,"3.40000009536743",1922-07-16,"3.40000009536743","pet",7
"Barro_Colorado_Island.182","Barro_Colorado_Island",1919-10-16,"3",1924-10-16,"3","pet",6
"Barro_Colorado_Island.192","Barro_Colorado_Island",1926-11-16,"2.90000009536743",1931-11-16,"2.90000009536743","pet",6
"Barro_Colorado_Island.202","Barro_Colorado_Island",1991-11-16,"2.90000009536743",1996-11-16,"2.90000009536743","pet",6
"Barro_Colorado_Island.213","Barro_Colorado_Island",1918-01-16,"3.70000004768372",1922-01-16,"3.70000004768372","pet",5
"Barro_Colorado_Island.222","Barro_Colorado_Island",2007-04-16,"4.70000028610229",2011-04-16,"4.70000028610229","pet",5
"Barro_Colorado_Island.232","Barro_Colorado_Island",1935-07-16,"3.5",1939-07-16,"3.5","pet",5
"Barro_Colorado_Island.242","Barro_Colorado_Island",1925-09-16,"3.29999995231628",1929-09-16,"3.29999995231628","pet",5
"Barro_Colorado_Island.252","Barro_Colorado_Island",1926-10-16,"3",1930-10-16,"3","pet",5
"Barro_Colorado_Island.262","Barro_Colorado_Island",1936-10-16,"3.10000014305115",1940-10-16,"3.10000014305115","pet",5
"Barro_Colorado_Island.272","Barro_Colorado_Island",1991-10-16,"3.10000014305115",1995-10-16,"3.10000014305115","pet",5
"Barro_Colorado_Island.282","Barro_Colorado_Island",1943-03-16,"4.70000028610229",1946-03-16,"4.70000028610229","pet",4
"Barro_Colorado_Island.292","Barro_Colorado_Island",1917-04-16,"4.70000028610229",1920-04-16,"4.70000028610229","pet",4
"Barro_Colorado_Island.302","Barro_Colorado_Island",1928-05-16,"3.60000014305115",1931-05-16,"3.60000014305115","pet",4
"Barro_Colorado_Island.313","Barro_Colorado_Island",1974-05-16,"3.5",1977-05-16,"3.5","pet",4
"Barro_Colorado_Island.322","Barro_Colorado_Island",2009-05-16,"3.70000004768372",2012-05-16,"3.70000004768372","pet",4
"Barro_Colorado_Island.332","Barro_Colorado_Island",2007-06-16,"3.40000009536743",2010-06-16,"3.40000009536743","pet",4
"Barro_Colorado_Island.341","Barro_Colorado_Island",1987-07-16,"3.40000009536743",1990-07-16,"3.40000009536743","pet",4
"Barro_Colorado_Island.351","Barro_Colorado_Island",1927-08-16,"3.29999995231628",1930-08-16,"3.29999995231628","pet",4
"Barro_Colorado_Island.361","Barro_Colorado_Island",1961-08-16,"3.5",1964-08-16,"3.5","pet",4
"Barro_Colorado_Island.371","Barro_Colorado_Island",1978-09-16,"3.29999995231628",1981-09-16,"3.29999995231628","pet",4
"Barro_Colorado_Island.381","Barro_Colorado_Island",2015-09-16,"3.40000009536743",2018-09-16,"3.40000009536743","pet",4
"Barro_Colorado_Island.391","Barro_Colorado_Island",1937-11-16,"2.90000009536743",1940-11-16,"2.90000009536743","pet",4
"Barro_Colorado_Island.401","Barro_Colorado_Island",1953-11-16,"3",1956-11-16,"3","pet",4
"Barro_Colorado_Island.412","Barro_Colorado_Island",1928-01-16,"3.70000004768372",1930-01-16,"3.70000004768372","pet",3
"Barro_Colorado_Island.421","Barro_Colorado_Island",1937-01-16,"3.70000004768372",1939-01-16,"3.70000004768372","pet",3
"Barro_Colorado_Island.431","Barro_Colorado_Island",1961-01-16,"3.90000009536743",1963-01-16,"3.90000009536743","pet",3
"Barro_Colorado_Island.441","Barro_Colorado_Island",1928-02-15,"4.70000028610229",1930-02-15,"4.70000028610229","pet",3
"Barro_Colorado_Island.451","Barro_Colorado_Island",2011-02-15,"4.59999990463257",2013-02-15,"4.59999990463257","pet",3
"Barro_Colorado_Island.461","Barro_Colorado_Island",1921-03-16,"4.70000028610229",1923-03-16,"4.70000028610229","pet",3
"Barro_Colorado_Island.471","Barro_Colorado_Island",1927-03-16,"4.70000028610229",1929-03-16,"4.70000028610229","pet",3
"Barro_Colorado_Island.481","Barro_Colorado_Island",1938-03-16,"4.70000028610229",1940-03-16,"4.70000028610229","pet",3
"Barro_Colorado_Island.491","Barro_Colorado_Island",1984-03-16,"4.70000028610229",1986-03-16,"4.70000028610229","pet",3
"Barro_Colorado_Island.501","Barro_Colorado_Island",2003-03-16,"4.80000019073486",2005-03-16,"4.80000019073486","pet",3
"Barro_Colorado_Island.512","Barro_Colorado_Island",2014-03-16,"4.80000019073486",2016-03-16,"4.80000019073486","pet",3
"Barro_Colorado_Island.52","Barro_Colorado_Island",1961-04-16,"4.80000019073486",1963-04-16,"4.80000019073486","pet",3
"Barro_Colorado_Island.53","Barro_Colorado_Island",1964-04-16,"4.90000009536743",1966-04-16,"4.90000009536743","pet",3
"Barro_Colorado_Island.54","Barro_Colorado_Island",1968-04-16,"4.70000028610229",1970-04-16,"4.70000028610229","pet",3
"Barro_Colorado_Island.55","Barro_Colorado_Island",1988-04-16,"4.59999990463257",1990-04-16,"4.59999990463257","pet",3
"Barro_Colorado_Island.56","Barro_Colorado_Island",1993-04-16,"4.80000019073486",1995-04-16,"4.80000019073486","pet",3
"Barro_Colorado_Island.57","Barro_Colorado_Island",1957-05-16,"3.90000009536743",1959-05-16,"3.90000009536743","pet",3
"Barro_Colorado_Island.58","Barro_Colorado_Island",1965-05-16,"3.70000004768372",1967-05-16,"3.70000004768372","pet",3
"Barro_Colorado_Island.59","Barro_Colorado_Island",1927-06-16,"3.29999995231628",1929-06-16,"3.29999995231628","pet",3
"Barro_Colorado_Island.60","Barro_Colorado_Island",1931-06-16,"3.29999995231628",1933-06-16,"3.29999995231628","pet",3
"Barro_Colorado_Island.61","Barro_Colorado_Island",1988-06-16,"3.20000004768372",1990-06-16,"3.20000004768372","pet",3
"Barro_Colorado_Island.62","Barro_Colorado_Island",2013-06-16,"3.40000009536743",2015-06-16,"3.40000009536743","pet",3
"Barro_Colorado_Island.63","Barro_Colorado_Island",1924-07-16,"3.40000009536743",1926-07-16,"3.40000009536743","pet",3
"Barro_Colorado_Island.64","Barro_Colorado_Island",1993-07-16,"3.5",1995-07-16,"3.5","pet",3
"Barro_Colorado_Island.65","Barro_Colorado_Island",1933-09-16,"3.40000009536743",1935-09-16,"3.40000009536743","pet",3
"Barro_Colorado_Island.66","Barro_Colorado_Island",1938-09-16,"3.40000009536743",1940-09-16,"3.40000009536743","pet",3
"Barro_Colorado_Island.67","Barro_Colorado_Island",1949-09-16,"3.60000014305115",1951-09-16,"3.60000014305115","pet",3
"Barro_Colorado_Island.68","Barro_Colorado_Island",1961-09-16,"3.5",1963-09-16,"3.5","pet",3
"Barro_Colorado_Island.69","Barro_Colorado_Island",1986-09-16,"3.29999995231628",1988-09-16,"3.29999995231628","pet",3
"Barro_Colorado_Island.70","Barro_Colorado_Island",2012-09-16,"3.29999995231628",2014-09-16,"3.29999995231628","pet",3
"Barro_Colorado_Island.71","Barro_Colorado_Island",1983-10-16,"3",1985-10-16,"3","pet",3
"Barro_Colorado_Island.72","Barro_Colorado_Island",1963-11-16,"3",1965-11-16,"3","pet",3
"Barro_Colorado_Island.73","Barro_Colorado_Island",1966-11-16,"2.90000009536743",1968-11-16,"2.90000009536743","pet",3
"Barro_Colorado_Island.74","Barro_Colorado_Island",1997-11-16,"2.79999995231628",1999-11-16,"2.79999995231628","pet",3
"Barro_Colorado_Island.75","Barro_Colorado_Island",1931-12-16,"3",1933-12-16,"3","pet",3
"Barro_Colorado_Island.76","Barro_Colorado_Island",1969-12-16,"3",1971-12-16,"3","pet",3
"Barro_Colorado_Island.77","Barro_Colorado_Island",1993-12-16,"3.10000014305115",1995-12-16,"3.10000014305115","pet",3
"Barro_Colorado_Island.114","Barro_Colorado_Island",1901-02-15,"34",1936-02-15,"34","pre",36
"Barro_Colorado_Island.214","Barro_Colorado_Island",1901-03-16,"30",1933-03-16,"30","pre",33
"Barro_Colorado_Island.314","Barro_Colorado_Island",1901-01-16,"55",1925-01-16,"55","pre",25
"Barro_Colorado_Island.413","Barro_Colorado_Island",1901-04-16,"96",1925-04-16,"96","pre",25
"Barro_Colorado_Island.513","Barro_Colorado_Island",1901-05-16,"307",1925-05-16,"307","pre",25
"Barro_Colorado_Island.612","Barro_Colorado_Island",1901-06-16,"290",1925-06-16,"290","pre",25
"Barro_Colorado_Island.710","Barro_Colorado_Island",1901-07-16,"316",1925-07-16,"316","pre",25
"Barro_Colorado_Island.83","Barro_Colorado_Island",1901-08-16,"309",1925-08-16,"309","pre",25
"Barro_Colorado_Island.93","Barro_Colorado_Island",1901-09-16,"298",1925-09-16,"298","pre",25
"Barro_Colorado_Island.103","Barro_Colorado_Island",1901-10-16,"389",1925-10-16,"389","pre",25
"Barro_Colorado_Island.115","Barro_Colorado_Island",1901-11-16,"500",1925-11-16,"500","pre",25
"Barro_Colorado_Island.123","Barro_Colorado_Island",1901-12-16,"267",1925-12-16,"267","pre",25
"Barro_Colorado_Island.133","Barro_Colorado_Island",1931-01-16,"55",1936-01-16,"55","pre",6
"Barro_Colorado_Island.143","Barro_Colorado_Island",1935-03-16,"30",1940-03-16,"30","pre",6
"Barro_Colorado_Island.153","Barro_Colorado_Island",1928-11-16,"499.300018310547",1932-11-16,"499.300018310547","pre",5
"Barro_Colorado_Island.163","Barro_Colorado_Island",1928-10-16,"388.5",1931-10-16,"388.5","pre",4
"Barro_Colorado_Island.173","Barro_Colorado_Island",1927-12-16,"266.700012207031",1930-12-16,"266.700012207031","pre",4
"Barro_Colorado_Island.183","Barro_Colorado_Island",1934-04-16,"96",1936-04-16,"96","pre",3
"Barro_Colorado_Island.116","Barro_Colorado_Island",1901-02-15,"22.2000007629395",1916-02-15,"22.2000007629395","tmn",16
"Barro_Colorado_Island.215","Barro_Colorado_Island",1901-03-16,"23.3999996185303",1916-03-16,"23.3999996185303","tmn",16
"Barro_Colorado_Island.315","Barro_Colorado_Island",1901-01-16,"22",1915-01-16,"22","tmn",15
"Barro_Colorado_Island.414","Barro_Colorado_Island",1901-04-16,"24",1915-04-16,"24","tmn",15
"Barro_Colorado_Island.514","Barro_Colorado_Island",1901-05-16,"23.6000003814697",1914-05-16,"23.6000003814697","tmn",14
"Barro_Colorado_Island.613","Barro_Colorado_Island",1901-06-16,"22.8999996185303",1914-06-16,"22.8999996185303","tmn",14
"Barro_Colorado_Island.711","Barro_Colorado_Island",1901-07-16,"23.3000011444092",1914-07-16,"23.3000011444092","tmn",14
"Barro_Colorado_Island.84","Barro_Colorado_Island",1901-08-16,"22.8000011444092",1914-08-16,"22.8000011444092","tmn",14
"Barro_Colorado_Island.94","Barro_Colorado_Island",1901-09-16,"22.3000011444092",1914-09-16,"22.3000011444092","tmn",14
"Barro_Colorado_Island.104","Barro_Colorado_Island",1901-10-16,"22.3000011444092",1914-10-16,"22.3000011444092","tmn",14
"Barro_Colorado_Island.117","Barro_Colorado_Island",1901-11-16,"22.1000003814697",1914-11-16,"22.1000003814697","tmn",14
"Barro_Colorado_Island.124","Barro_Colorado_Island",1901-12-16,"21.8000011444092",1914-12-16,"21.8000011444092","tmn",14
"Barro_Colorado_Island.134","Barro_Colorado_Island",1918-01-16,"22",1922-01-16,"22","tmn",5
"Barro_Colorado_Island.144","Barro_Colorado_Island",1917-07-16,"23.3000011444092",1921-07-16,"23.3000011444092","tmn",5
"Barro_Colorado_Island.154","Barro_Colorado_Island",1917-09-16,"22.3000011444092",1921-09-16,"22.3000011444092","tmn",5
"Barro_Colorado_Island.164","Barro_Colorado_Island",1916-11-16,"22.1000003814697",1920-11-16,"22.1000003814697","tmn",5
"Barro_Colorado_Island.174","Barro_Colorado_Island",1927-06-16,"22.8000011444092",1930-06-16,"22.8000011444092","tmn",4
"Barro_Colorado_Island.184","Barro_Colorado_Island",1937-10-16,"22.3999996185303",1940-10-16,"22.3999996185303","tmn",4
"Barro_Colorado_Island.193","Barro_Colorado_Island",2012-10-16,"23.1000003814697",2015-10-16,"23.1000003814697","tmn",4
"Barro_Colorado_Island.203","Barro_Colorado_Island",1917-12-16,"21.8000011444092",1920-12-16,"21.8000011444092","tmn",4
"Barro_Colorado_Island.216","Barro_Colorado_Island",1977-01-16,"21.8999996185303",1979-01-16,"21.8999996185303","tmn",3
"Barro_Colorado_Island.223","Barro_Colorado_Island",1927-03-16,"23.3000011444092",1929-03-16,"23.3000011444092","tmn",3
"Barro_Colorado_Island.233","Barro_Colorado_Island",1937-07-16,"23.3000011444092",1939-07-16,"23.3000011444092","tmn",3
"Barro_Colorado_Island.243","Barro_Colorado_Island",1921-08-16,"22.7000007629395",1923-08-16,"22.7000007629395","tmn",3
"Barro_Colorado_Island.253","Barro_Colorado_Island",1958-09-16,"22.5",1960-09-16,"22.5","tmn",3
"Barro_Colorado_Island.263","Barro_Colorado_Island",1989-10-16,"22.8999996185303",1991-10-16,"22.8999996185303","tmn",3
"Barro_Colorado_Island.273","Barro_Colorado_Island",1931-11-16,"22.1000003814697",1933-11-16,"22.1000003814697","tmn",3
"Barro_Colorado_Island.283","Barro_Colorado_Island",1921-12-16,"21.7000007629395",1923-12-16,"21.7000007629395","tmn",3
"Barro_Colorado_Island.118","Barro_Colorado_Island",1901-02-15,"25.8000011444092",1916-02-15,"25.8000011444092","tmp",16
"Barro_Colorado_Island.217","Barro_Colorado_Island",1901-03-16,"26.8000011444092",1916-03-16,"26.8000011444092","tmp",16
"Barro_Colorado_Island.316","Barro_Colorado_Island",1901-01-16,"25.3000011444092",1915-01-16,"25.3000011444092","tmp",15
"Barro_Colorado_Island.415","Barro_Colorado_Island",1901-04-16,"27.3999996185303",1915-04-16,"27.3999996185303","tmp",15
"Barro_Colorado_Island.515","Barro_Colorado_Island",1901-05-16,"26.8999996185303",1914-05-16,"26.8999996185303","tmp",14
"Barro_Colorado_Island.614","Barro_Colorado_Island",1901-06-16,"26",1914-06-16,"26","tmp",14
"Barro_Colorado_Island.712","Barro_Colorado_Island",1901-07-16,"26.3999996185303",1914-07-16,"26.3999996185303","tmp",14
"Barro_Colorado_Island.85","Barro_Colorado_Island",1901-08-16,"25.8999996185303",1914-08-16,"25.8999996185303","tmp",14
"Barro_Colorado_Island.95","Barro_Colorado_Island",1901-09-16,"25.5",1914-09-16,"25.5","tmp",14
"Barro_Colorado_Island.105","Barro_Colorado_Island",1901-10-16,"25.5",1914-10-16,"25.5","tmp",14
"Barro_Colorado_Island.119","Barro_Colorado_Island",1901-11-16,"25",1914-11-16,"25","tmp",14
"Barro_Colorado_Island.125","Barro_Colorado_Island",1901-12-16,"25",1914-12-16,"25","tmp",14
"Barro_Colorado_Island.135","Barro_Colorado_Island",1918-01-16,"25.3000011444092",1922-01-16,"25.3000011444092","tmp",5
"Barro_Colorado_Island.145","Barro_Colorado_Island",1917-07-16,"26.3999996185303",1921-07-16,"26.3999996185303","tmp",5
"Barro_Colorado_Island.155","Barro_Colorado_Island",1917-09-16,"25.5",1921-09-16,"25.5","tmp",5
"Barro_Colorado_Island.165","Barro_Colorado_Island",1916-11-16,"25",1920-11-16,"25","tmp",5
"Barro_Colorado_Island.175","Barro_Colorado_Island",1927-06-16,"25.8999996185303",1930-06-16,"25.8999996185303","tmp",4
"Barro_Colorado_Island.185","Barro_Colorado_Island",1937-10-16,"25.6000003814697",1940-10-16,"25.6000003814697","tmp",4
"Barro_Colorado_Island.194","Barro_Colorado_Island",1917-12-16,"25",1920-12-16,"25","tmp",4
"Barro_Colorado_Island.204","Barro_Colorado_Island",1927-03-16,"26.7000007629395",1929-03-16,"26.7000007629395","tmp",3
"Barro_Colorado_Island.218","Barro_Colorado_Island",1937-07-16,"26.3999996185303",1939-07-16,"26.3999996185303","tmp",3
"Barro_Colorado_Island.224","Barro_Colorado_Island",1921-08-16,"25.8000011444092",1923-08-16,"25.8000011444092","tmp",3
"Barro_Colorado_Island.234","Barro_Colorado_Island",1959-08-16,"26.1000003814697",1961-08-16,"26.1000003814697","tmp",3
"Barro_Colorado_Island.244","Barro_Colorado_Island",1972-08-16,"25.7000007629395",1974-08-16,"25.7000007629395","tmp",3
"Barro_Colorado_Island.254","Barro_Colorado_Island",1977-09-16,"25.5",1979-09-16,"25.5","tmp",3
"Barro_Colorado_Island.264","Barro_Colorado_Island",1931-11-16,"25",1933-11-16,"25","tmp",3
"Barro_Colorado_Island.274","Barro_Colorado_Island",1921-12-16,"24.8999996185303",1923-12-16,"24.8999996185303","tmp",3
"Barro_Colorado_Island.120","Barro_Colorado_Island",1901-02-15,"22.2000007629395",1916-02-15,"22.2000007629395","tmn",16
"Barro_Colorado_Island.219","Barro_Colorado_Island",1901-03-16,"23.3999996185303",1916-03-16,"23.3999996185303","tmn",16
"Barro_Colorado_Island.317","Barro_Colorado_Island",1901-01-16,"22",1915-01-16,"22","tmn",15
"Barro_Colorado_Island.416","Barro_Colorado_Island",1901-04-16,"24",1915-04-16,"24","tmn",15
"Barro_Colorado_Island.516","Barro_Colorado_Island",1901-05-16,"23.6000003814697",1914-05-16,"23.6000003814697","tmn",14
"Barro_Colorado_Island.615","Barro_Colorado_Island",1901-06-16,"22.8999996185303",1914-06-16,"22.8999996185303","tmn",14
"Barro_Colorado_Island.713","Barro_Colorado_Island",1901-07-16,"23.3000011444092",1914-07-16,"23.3000011444092","tmn",14
"Barro_Colorado_Island.86","Barro_Colorado_Island",1901-08-16,"22.8000011444092",1914-08-16,"22.8000011444092","tmn",14
"Barro_Colorado_Island.96","Barro_Colorado_Island",1901-09-16,"22.3000011444092",1914-09-16,"22.3000011444092","tmn",14
"Barro_Colorado_Island.106","Barro_Colorado_Island",1901-10-16,"22.3000011444092",1914-10-16,"22.3000011444092","tmn",14
"Barro_Colorado_Island.1110","Barro_Colorado_Island",1901-11-16,"22.1000003814697",1914-11-16,"22.1000003814697","tmn",14
"Barro_Colorado_Island.126","Barro_Colorado_Island",1901-12-16,"21.8000011444092",1914-12-16,"21.8000011444092","tmn",14
"Barro_Colorado_Island.136","Barro_Colorado_Island",1918-01-16,"22",1922-01-16,"22","tmn",5
"Barro_Colorado_Island.146","Barro_Colorado_Island",1917-07-16,"23.3000011444092",1921-07-16,"23.3000011444092","tmn",5
"Barro_Colorado_Island.156","Barro_Colorado_Island",1917-09-16,"22.3000011444092",1921-09-16,"22.3000011444092","tmn",5
"Barro_Colorado_Island.166","Barro_Colorado_Island",1916-11-16,"22.1000003814697",1920-11-16,"22.1000003814697","tmn",5
"Barro_Colorado_Island.176","Barro_Colorado_Island",1927-06-16,"22.8000011444092",1930-06-16,"22.8000011444092","tmn",4
"Barro_Colorado_Island.186","Barro_Colorado_Island",1937-10-16,"22.3999996185303",1940-10-16,"22.3999996185303","tmn",4
"Barro_Colorado_Island.195","Barro_Colorado_Island",2012-10-16,"23.1000003814697",2015-10-16,"23.1000003814697","tmn",4
"Barro_Colorado_Island.205","Barro_Colorado_Island",1917-12-16,"21.8000011444092",1920-12-16,"21.8000011444092","tmn",4
"Barro_Colorado_Island.2110","Barro_Colorado_Island",1977-01-16,"21.8999996185303",1979-01-16,"21.8999996185303","tmn",3
"Barro_Colorado_Island.225","Barro_Colorado_Island",1927-03-16,"23.3000011444092",1929-03-16,"23.3000011444092","tmn",3
"Barro_Colorado_Island.235","Barro_Colorado_Island",1937-07-16,"23.3000011444092",1939-07-16,"23.3000011444092","tmn",3
"Barro_Colorado_Island.245","Barro_Colorado_Island",1921-08-16,"22.7000007629395",1923-08-16,"22.7000007629395","tmn",3
"Barro_Colorado_Island.255","Barro_Colorado_Island",1958-09-16,"22.5",1960-09-16,"22.5","tmn",3
"Barro_Colorado_Island.265","Barro_Colorado_Island",1989-10-16,"22.8999996185303",1991-10-16,"22.8999996185303","tmn",3
"Barro_Colorado_Island.275","Barro_Colorado_Island",1931-11-16,"22.1000003814697",1933-11-16,"22.1000003814697","tmn",3
"Barro_Colorado_Island.284","Barro_Colorado_Island",1921-12-16,"21.7000007629395",1923-12-16,"21.7000007629395","tmn",3
"Barro_Colorado_Island.127","Barro_Colorado_Island",1901-02-15,"29.5",1916-02-15,"29.5","tmx",16
"Barro_Colorado_Island.220","Barro_Colorado_Island",1901-03-16,"30.3000011444092",1916-03-16,"30.3000011444092","tmx",16
"Barro_Colorado_Island.318","Barro_Colorado_Island",1901-01-16,"28.7000007629395",1915-01-16,"28.7000007629395","tmx",15
"Barro_Colorado_Island.417","Barro_Colorado_Island",1901-04-16,"30.8999996185303",1915-04-16,"30.8999996185303","tmx",15
"Barro_Colorado_Island.517","Barro_Colorado_Island",1901-05-16,"30.2000007629395",1914-05-16,"30.2000007629395","tmx",14
"Barro_Colorado_Island.616","Barro_Colorado_Island",1901-06-16,"29.2000007629395",1914-06-16,"29.2000007629395","tmx",14
"Barro_Colorado_Island.714","Barro_Colorado_Island",1901-07-16,"29.6000003814697",1914-07-16,"29.6000003814697","tmx",14
"Barro_Colorado_Island.87","Barro_Colorado_Island",1901-08-16,"29",1914-08-16,"29","tmx",14
"Barro_Colorado_Island.97","Barro_Colorado_Island",1901-09-16,"28.8000011444092",1914-09-16,"28.8000011444092","tmx",14
"Barro_Colorado_Island.107","Barro_Colorado_Island",1901-10-16,"28.8000011444092",1914-10-16,"28.8000011444092","tmx",14
"Barro_Colorado_Island.1111","Barro_Colorado_Island",1901-11-16,"28",1914-11-16,"28","tmx",14
"Barro_Colorado_Island.128","Barro_Colorado_Island",1901-12-16,"28.2000007629395",1914-12-16,"28.2000007629395","tmx",14
"Barro_Colorado_Island.137","Barro_Colorado_Island",1918-01-16,"28.7000007629395",1922-01-16,"28.7000007629395","tmx",5
"Barro_Colorado_Island.147","Barro_Colorado_Island",1917-07-16,"29.6000003814697",1921-07-16,"29.6000003814697","tmx",5
"Barro_Colorado_Island.157","Barro_Colorado_Island",1917-09-16,"28.8000011444092",1921-09-16,"28.8000011444092","tmx",5
"Barro_Colorado_Island.167","Barro_Colorado_Island",1916-11-16,"28",1920-11-16,"28","tmx",5
"Barro_Colorado_Island.177","Barro_Colorado_Island",1927-06-16,"29.1000003814697",1930-06-16,"29.1000003814697","tmx",4
"Barro_Colorado_Island.187","Barro_Colorado_Island",1937-10-16,"28.8999996185303",1940-10-16,"28.8999996185303","tmx",4
"Barro_Colorado_Island.196","Barro_Colorado_Island",1917-12-16,"28.2000007629395",1920-12-16,"28.2000007629395","tmx",4
"Barro_Colorado_Island.206","Barro_Colorado_Island",1927-03-16,"30.2000007629395",1929-03-16,"30.2000007629395","tmx",3
"Barro_Colorado_Island.2111","Barro_Colorado_Island",1974-05-16,"29.5",1976-05-16,"29.5","tmx",3
"Barro_Colorado_Island.226","Barro_Colorado_Island",1937-07-16,"29.6000003814697",1939-07-16,"29.6000003814697","tmx",3
"Barro_Colorado_Island.236","Barro_Colorado_Island",1956-07-16,"30.3000011444092",1958-07-16,"30.3000011444092","tmx",3
"Barro_Colorado_Island.246","Barro_Colorado_Island",1921-08-16,"28.8999996185303",1923-08-16,"28.8999996185303","tmx",3
"Barro_Colorado_Island.256","Barro_Colorado_Island",1931-11-16,"28",1933-11-16,"28","tmx",3
"Barro_Colorado_Island.266","Barro_Colorado_Island",1962-11-16,"28.3999996185303",1964-11-16,"28.3999996185303","tmx",3
"Barro_Colorado_Island.276","Barro_Colorado_Island",1990-11-16,"28.3000011444092",1992-11-16,"28.3000011444092","tmx",3
"Barro_Colorado_Island.285","Barro_Colorado_Island",1921-12-16,"28.1000003814697",1923-12-16,"28.1000003814697","tmx",3
"Barro_Colorado_Island.129","Barro_Colorado_Island",1901-05-16,"30.8000011444092",1941-05-16,"30.8000011444092","vap",41
"Barro_Colorado_Island.227","Barro_Colorado_Island",1901-01-16,"26.3000011444092",1940-01-16,"26.3000011444092","vap",40
"Barro_Colorado_Island.319","Barro_Colorado_Island",1901-02-15,"24.8000011444092",1940-02-15,"24.8000011444092","vap",40
"Barro_Colorado_Island.418","Barro_Colorado_Island",1901-03-16,"27",1940-03-16,"27","vap",40
"Barro_Colorado_Island.518","Barro_Colorado_Island",1901-04-16,"28.7000007629395",1940-04-16,"28.7000007629395","vap",40
"Barro_Colorado_Island.617","Barro_Colorado_Island",1901-06-16,"29.8000011444092",1940-06-16,"29.8000011444092","vap",40
"Barro_Colorado_Island.715","Barro_Colorado_Island",1901-07-16,"30.2000007629395",1940-07-16,"30.2000007629395","vap",40
"Barro_Colorado_Island.88","Barro_Colorado_Island",1901-08-16,"29.7000007629395",1940-08-16,"29.7000007629395","vap",40
"Barro_Colorado_Island.98","Barro_Colorado_Island",1901-09-16,"28.7000007629395",1940-09-16,"28.7000007629395","vap",40
"Barro_Colorado_Island.108","Barro_Colorado_Island",1901-10-16,"29.2000007629395",1940-10-16,"29.2000007629395","vap",40
"Barro_Colorado_Island.1112","Barro_Colorado_Island",1901-11-16,"28.1000003814697",1940-11-16,"28.1000003814697","vap",40
"Barro_Colorado_Island.1210","Barro_Colorado_Island",1901-12-16,"27.2000007629395",1940-12-16,"27.2000007629395","vap",40
"Barro_Colorado_Island.138","Barro_Colorado_Island",1991-01-16,"26.5",1993-01-16,"26.5","vap",3
"Barro_Colorado_Island.148","Barro_Colorado_Island",1948-08-16,"29.1000003814697",1950-08-16,"29.1000003814697","vap",3
"Barro_Colorado_Island.158","Barro_Colorado_Island",1976-09-16,"28.8999996185303",1978-09-16,"28.8999996185303","vap",3
"Barro_Colorado_Island.168","Barro_Colorado_Island",1945-10-16,"29.1000003814697",1947-10-16,"29.1000003814697","vap",3
"Barro_Colorado_Island.130","Barro_Colorado_Island",1901-10-16,"22",1927-10-16,"22","wet",27
"Barro_Colorado_Island.228","Barro_Colorado_Island",1901-11-16,"23.89999962",1926-11-16,"23.89999962","wet",26
"Barro_Colorado_Island.320","Barro_Colorado_Island",1901-12-16,"16.79999924",1926-12-16,"16.79999924","wet",26
"Barro_Colorado_Island.419","Barro_Colorado_Island",1901-01-16,"9.300000191",1925-01-16,"9.300000191","wet",25
"Barro_Colorado_Island.519","Barro_Colorado_Island",1901-02-15,"7.299999714",1925-02-15,"7.299999714","wet",25
"Barro_Colorado_Island.618","Barro_Colorado_Island",1901-03-16,"6.899999619",1925-03-16,"6.899999619","wet",25
"Barro_Colorado_Island.716","Barro_Colorado_Island",1901-04-16,"8.800000191",1925-04-16,"8.800000191","wet",25
"Barro_Colorado_Island.89","Barro_Colorado_Island",1901-05-16,"19.19999886",1925-05-16,"19.19999886","wet",25
"Barro_Colorado_Island.99","Barro_Colorado_Island",1901-06-16,"19.89999962",1925-06-16,"19.89999962","wet",25
"Barro_Colorado_Island.109","Barro_Colorado_Island",1901-07-16,"22.10000038",1925-07-16,"22.10000038","wet",25
"Barro_Colorado_Island.1113","Barro_Colorado_Island",1901-08-16,"23.19999886",1925-08-16,"23.19999886","wet",25
"Barro_Colorado_Island.1211","Barro_Colorado_Island",1901-09-16,"19",1925-09-16,"19","wet",25
"Barro_Colorado_Island.139","Barro_Colorado_Island",1927-01-16,"9.300000191",1936-01-16,"9.300000191","wet",10
"Barro_Colorado_Island.149","Barro_Colorado_Island",1930-04-16,"8.800000191",1937-04-16,"8.800000191","wet",8
"Barro_Colorado_Island.159","Barro_Colorado_Island",1927-02-15,"7.299999714",1933-02-15,"7.299999714","wet",7
"Barro_Colorado_Island.169","Barro_Colorado_Island",1927-03-16,"6.899999619",1933-03-16,"6.899999619","wet",7
"Barro_Colorado_Island.178","Barro_Colorado_Island",1935-03-16,"6.899999619",1940-03-16,"6.899999619","wet",6
"Barro_Colorado_Island.188","Barro_Colorado_Island",1927-12-16,"16.78999901",1931-12-16,"16.78999901","wet",5
"Barro_Colorado_Island.197","Barro_Colorado_Island",1933-06-16,"19.89999962",1936-06-16,"19.89999962","wet",4
"Barro_Colorado_Island.207","Barro_Colorado_Island",1929-09-16,"18.98999977",1932-09-16,"18.98999977","wet",4
"Barro_Colorado_Island.2112","Barro_Colorado_Island",1928-10-16,"21.97999954",1931-10-16,"21.97999954","wet",4
"Barro_Colorado_Island.229","Barro_Colorado_Island",1927-05-16,"19.19999886",1929-05-16,"19.19999886","wet",3
"Barro_Colorado_Island.237","Barro_Colorado_Island",1935-05-16,"19.18999863",1937-05-16,"19.18999863","wet",3
"Barro_Colorado_Island.247","Barro_Colorado_Island",1927-07-16,"22.10000038",1929-07-16,"22.10000038","wet",3
"Barro_Colorado_Island.257","Barro_Colorado_Island",1933-08-16,"23.20999908",1935-08-16,"23.20999908","wet",3
"Barro_Colorado_Island.267","Barro_Colorado_Island",1933-09-16,"19",1935-09-16,"19","wet",3
