"start_sites.sitename","start_Date","start_climvar.val","start_climvar.class","start_month","end_Date","rep.yrs","check"
"Smithsonian_Environmental_Research_Center",1997,"63.7999992370605","cld",1,2000,4,4
"Smithsonian_Environmental_Research_Center",1997,"1.30000007152557","pet",1,1999,3,3
"Harvard_Forest",1915,"1","pet",1,1917,3,3
"Harvard_Forest",1968,"0.699999988079071","pet",1,1970,3,3
"Harvard_Forest",2003,"0.800000011920929","pet",1,2005,3,3
"Smithsonian_Conservation_Biology_Institute",1996,"68.8000030517578","cld",1,2000,5,5
"Smithsonian_Conservation_Biology_Institute",1920,"11.3000001907349","dtr",1,1922,3,3
"Smithsonian_Conservation_Biology_Institute",1963,"1.20000004768372","pet",1,1965,3,3
"Smithsonian_Conservation_Biology_Institute",1969,"1","pet",1,1971,3,3
"Smithsonian_Conservation_Biology_Institute",1983,"1.20000004768372","pet",1,1985,3,3
"Lilly_Dickey_Woods",1996,"71.3000030517578","cld",1,2002,7,7
"Ordway-Swisher",1997,"57.5","cld",1,2002,6,6
"Yosemite_National_Park",1996,"63.7999992370605","cld",1,2002,7,7
"Yosemite_National_Park",1957,"1.10000002384186","pet",1,1962,6,6
"Yosemite_National_Park",1927,"1.10000002384186","pet",1,1930,4,4
"Yosemite_National_Park",1987,"1","pet",1,1990,4,4
"Yosemite_National_Park",1939,"1.10000002384186","pet",1,1941,3,3
"Yosemite_National_Park",1966,"1.10000002384186","pet",1,1968,3,3
"Wind_River",1933,"7.20000028610229","dtr",1,1935,3,3
"Wind_River",1979,"0.5","pet",1,1985,7,7
"Wind_River",1993,"0.400000005960464","pet",1,1997,5,5
"Wind_River",1945,"0.5","pet",1,1948,4,4
"Wind_River",1964,"0.5","pet",1,1966,3,3
"Wind_River",1968,"0.5","pet",1,1970,3,3
"Wind_River",1990,"0.600000023841858","pet",1,1992,3,3
"Wind_River",2016,"0.5","pet",1,2018,3,3
"Utah_Forest_Dynamics_Plot",1996,"56.2999992370605","cld",1,2002,7,7
"Utah_Forest_Dynamics_Plot",1970,"1.60000002384186","pet",1,1972,3,3
"Utah_Forest_Dynamics_Plot",1929,"2.20000004768372","vap",1,1931,3,3
"Huai_Kha_Khaeng",1901,"31.3000011444092","cld",1,1913,13,13
"Huai_Kha_Khaeng",1901,"16.7000007629395","dtr",1,1936,36,36
"Huai_Kha_Khaeng",1956,"3.29999995231628","pet",1,1959,4,4
"Huai_Kha_Khaeng",1988,"3.20000004768372","pet",1,1991,4,4
"Huai_Kha_Khaeng",2015,"3","pet",1,2018,4,4
"Huai_Kha_Khaeng",1907,"3.10000014305115","pet",1,1909,3,3
"Huai_Kha_Khaeng",1911,"3.10000014305115","pet",1,1913,3,3
"Huai_Kha_Khaeng",1922,"3.20000004768372","pet",1,1924,3,3
"Huai_Kha_Khaeng",1929,"3.20000004768372","pet",1,1931,3,3
"Huai_Kha_Khaeng",1985,"3.10000014305115","pet",1,1987,3,3
"Huai_Kha_Khaeng",2000,"3","pet",1,2002,3,3
"Huai_Kha_Khaeng",2003,"3.20000004768372","pet",1,2005,3,3
"Huai_Kha_Khaeng",1931,"0.100000001490116","pre",1,1934,4,4
"Huai_Kha_Khaeng",1980,"0.100000001490116","pre",1,1982,3,3
"Huai_Kha_Khaeng",1958,"31.2000007629395","tmx",1,1960,3,3
"Huai_Kha_Khaeng",1931,"0.02","wet",1,1936,6,6
"Huai_Kha_Khaeng",1980,"0.02","wet",1,1982,3,3
"Barro_Colorado_Island",1910,"50","cld",1,1918,9,9
"Barro_Colorado_Island",1901,"50","cld",1,1907,7,7
"Barro_Colorado_Island",1920,"50","cld",1,1926,7,7
"Barro_Colorado_Island",1901,"6.70000028610229","dtr",1,1941,41,41
"Barro_Colorado_Island",1991,"6.70000028610229","dtr",1,1997,7,7
"Barro_Colorado_Island",1999,"6.70000028610229","dtr",1,2003,5,5
"Barro_Colorado_Island",1901,"3.70000004768372","pet",1,1916,16,16
"Barro_Colorado_Island",1918,"3.70000004768372","pet",1,1922,5,5
"Barro_Colorado_Island",1928,"3.70000004768372","pet",1,1930,3,3
"Barro_Colorado_Island",1937,"3.70000004768372","pet",1,1939,3,3
"Barro_Colorado_Island",1961,"3.90000009536743","pet",1,1963,3,3
"Barro_Colorado_Island",1901,"55","pre",1,1925,25,25
"Barro_Colorado_Island",1931,"55","pre",1,1936,6,6
"Barro_Colorado_Island",1901,"22","tmn",1,1915,15,15
"Barro_Colorado_Island",1918,"22","tmn",1,1922,5,5
"Barro_Colorado_Island",1977,"21.8999996185303","tmn",1,1979,3,3
"Barro_Colorado_Island",1901,"25.3000011444092","tmp",1,1915,15,15
"Barro_Colorado_Island",1918,"25.3000011444092","tmp",1,1922,5,5
"Barro_Colorado_Island",1901,"22","tmn",1,1915,15,15
"Barro_Colorado_Island",1918,"22","tmn",1,1922,5,5
"Barro_Colorado_Island",1977,"21.8999996185303","tmn",1,1979,3,3
"Barro_Colorado_Island",1901,"28.7000007629395","tmx",1,1915,15,15
"Barro_Colorado_Island",1918,"28.7000007629395","tmx",1,1922,5,5
"Barro_Colorado_Island",1901,"26.3000011444092","vap",1,1940,40,40
"Barro_Colorado_Island",1991,"26.5","vap",1,1993,3,3
"Barro_Colorado_Island",1901,"9.300000191","wet",1,1925,25,25
"Barro_Colorado_Island",1927,"9.300000191","wet",1,1936,10,10
"Zofin",1919,"76.7000045776367","cld",1,1921,3,3
"Zofin",1955,"0.300000011920929","pet",1,1958,4,4
"Zofin",1974,"0.600000023841858","pet",1,1976,3,3
"Zofin",1980,"0.300000011920929","pet",1,1982,3,3
"Scotty_Creek",1978,"0.600000023841858","vap",1,1980,3,3
"Smithsonian_Environmental_Research_Center",1996,"63.7999992370605","cld",2,2002,7,7
"Smithsonian_Environmental_Research_Center",1982,"1.70000004768372","pet",2,1985,4,4
"Smithsonian_Environmental_Research_Center",1967,"1.39999997615814","pet",2,1969,3,3
"Smithsonian_Environmental_Research_Center",1944,"-1.70000004768372","tmn",2,1946,3,3
"Smithsonian_Environmental_Research_Center",1944,"-1.70000004768372","tmn",2,1946,3,3
"Harvard_Forest",1961,"1","pet",2,1964,4,4
"Harvard_Forest",1918,"1","pet",2,1920,3,3
"Harvard_Forest",1940,"1","pet",2,1942,3,3
"Harvard_Forest",1997,"1.20000004768372","pet",2,1999,3,3
"Harvard_Forest",1978,"1.80000007152557","vap",2,1980,3,3
"Smithsonian_Conservation_Biology_Institute",1996,"68.8000030517578","cld",2,2002,7,7
"Smithsonian_Conservation_Biology_Institute",1980,"1.60000002384186","pet",2,1983,4,4
"Smithsonian_Conservation_Biology_Institute",1943,"4.59999990463257","vap",2,1945,3,3
"Lilly_Dickey_Woods",1996,"70","cld",2,2002,7,7
"Lilly_Dickey_Woods",1980,"1","pet",2,1982,3,3
"Lilly_Dickey_Woods",1997,"1.30000007152557","pet",2,1999,3,3
"Lilly_Dickey_Woods",1943,"4.40000009536743","vap",2,1945,3,3
"Ordway-Swisher",1996,"56.2999992370605","cld",2,2002,7,7
"Yosemite_National_Park",1996,"61.2999992370605","cld",2,2002,7,7
"Yosemite_National_Park",1902,"1.5","pet",2,1904,3,3
"Yosemite_National_Park",1916,"1.5","pet",2,1918,3,3
"Yosemite_National_Park",1994,"1.39999997615814","pet",2,1996,3,3
"Yosemite_National_Park",2008,"1.39999997615814","pet",2,2010,3,3
"Wind_River",1931,"80.3000030517578","cld",2,1933,3,3
"Wind_River",1911,"0.800000011920929","pet",2,1914,4,4
"Wind_River",1943,"0.800000011920929","pet",2,1946,4,4
"Wind_River",1902,"0.699999988079071","pet",2,1904,3,3
"Wind_River",1938,"0.800000011920929","pet",2,1940,3,3
"Wind_River",1945,"6.09999990463257","vap",2,1947,3,3
"Utah_Forest_Dynamics_Plot",1996,"58.7999992370605","cld",2,2002,7,7
"Huai_Kha_Khaeng",1901,"31.3000011444092","cld",2,1916,16,16
"Huai_Kha_Khaeng",1901,"17.7000007629395","dtr",2,1936,36,36
"Huai_Kha_Khaeng",1907,"3.90000009536743","pet",2,1914,8,8
"Huai_Kha_Khaeng",1928,"3.90000009536743","pet",2,1931,4,4
"Huai_Kha_Khaeng",1938,"3.90000009536743","pet",2,1941,4,4
"Huai_Kha_Khaeng",1925,"3.79999995231628","pet",2,1927,3,3
"Huai_Kha_Khaeng",1956,"3.90000009536743","pet",2,1958,3,3
"Huai_Kha_Khaeng",1981,"3.90000009536743","pet",2,1983,3,3
"Huai_Kha_Khaeng",1904,"5.5","pre",2,1906,3,3
"Huai_Kha_Khaeng",1904,"0.870000005","wet",2,1906,3,3
"Barro_Colorado_Island",1901,"40","cld",2,1927,27,27
"Barro_Colorado_Island",1901,"7.30000019073486","dtr",2,1941,41,41
"Barro_Colorado_Island",1997,"7.30000019073486","dtr",2,2002,6,6
"Barro_Colorado_Island",1991,"7.30000019073486","dtr",2,1995,5,5
"Barro_Colorado_Island",2004,"7.30000019073486","dtr",2,2007,4,4
"Barro_Colorado_Island",2013,"6.30000019073486","dtr",2,2015,3,3
"Barro_Colorado_Island",1901,"4.59999990463257","pet",2,1916,16,16
"Barro_Colorado_Island",1918,"4.59999990463257","pet",2,1924,7,7
"Barro_Colorado_Island",1928,"4.70000028610229","pet",2,1930,3,3
"Barro_Colorado_Island",2011,"4.59999990463257","pet",2,2013,3,3
"Barro_Colorado_Island",1901,"34","pre",2,1936,36,36
"Barro_Colorado_Island",1901,"22.2000007629395","tmn",2,1916,16,16
"Barro_Colorado_Island",1901,"25.8000011444092","tmp",2,1916,16,16
"Barro_Colorado_Island",1901,"22.2000007629395","tmn",2,1916,16,16
"Barro_Colorado_Island",1901,"29.5","tmx",2,1916,16,16
"Barro_Colorado_Island",1901,"24.8000011444092","vap",2,1940,40,40
"Barro_Colorado_Island",1901,"7.299999714","wet",2,1925,25,25
"Barro_Colorado_Island",1927,"7.299999714","wet",2,1933,7,7
"Zofin",1904,"0.699999988079071","pet",2,1906,3,3
"Zofin",1922,"0.400000005960464","pet",2,1924,3,3
"Zofin",1913,"2.20000004768372","tmx",2,1915,3,3
"Scotty_Creek",2001,"0.100000001490116","pet",2,2011,11,11
"Scotty_Creek",1973,"0.100000001490116","pet",2,1976,4,4
"Scotty_Creek",1990,"0.100000001490116","pet",2,1992,3,3
"Scotty_Creek",1917,"-26.3999996185303","tmp",2,1919,3,3
"Scotty_Creek",1955,"0.800000011920929","vap",2,1957,3,3
"Smithsonian_Environmental_Research_Center",1986,"2.79999995231628","pet",3,1988,3,3
"Harvard_Forest",1992,"1.60000002384186","pet",3,1994,3,3
"Harvard_Forest",1939,"3.40000009536743","vap",3,1941,3,3
"Smithsonian_Conservation_Biology_Institute",2000,"67.5","cld",3,2002,3,3
"Smithsonian_Conservation_Biology_Institute",1985,"15.4000005722046","tmx",3,1987,3,3
"Lilly_Dickey_Woods",1996,"72.5","cld",3,2002,7,7
"Lilly_Dickey_Woods",1990,"2.10000014305115","pet",3,1992,3,3
"Ordway-Swisher",1999,"55","cld",3,2002,4,4
"Yosemite_National_Park",1996,"57.5","cld",3,2002,7,7
"Wind_River",1942,"1.39999997615814","pet",3,1944,3,3
"Wind_River",1951,"1.20000004768372","pet",3,1953,3,3
"Wind_River",1960,"1.20000004768372","pet",3,1962,3,3
"Utah_Forest_Dynamics_Plot",1996,"57.5","cld",3,2002,7,7
"Huai_Kha_Khaeng",1901,"32.5","cld",3,1911,11,11
"Huai_Kha_Khaeng",1913,"32.5","cld",3,1915,3,3
"Huai_Kha_Khaeng",1901,"17.3000011444092","dtr",3,1936,36,36
"Huai_Kha_Khaeng",1904,"4.70000028610229","pet",3,1909,6,6
"Huai_Kha_Khaeng",1913,"4.70000028610229","pet",3,1916,4,4
"Huai_Kha_Khaeng",1939,"4.70000028610229","pet",3,1941,3,3
"Huai_Kha_Khaeng",1953,"4.80000019073486","pet",3,1955,3,3
"Huai_Kha_Khaeng",1926,"17.3999996185303","tmn",3,1928,3,3
"Huai_Kha_Khaeng",1926,"26","tmp",3,1928,3,3
"Huai_Kha_Khaeng",1926,"17.3999996185303","tmn",3,1928,3,3
"Huai_Kha_Khaeng",1926,"34.7000007629395","tmx",3,1928,3,3
"Barro_Colorado_Island",1901,"43.7999992370605","cld",3,1929,29,29
"Barro_Colorado_Island",1939,"42.9000015258789","cld",3,1941,3,3
"Barro_Colorado_Island",1993,"43.7999992370605","cld",3,1995,3,3
"Barro_Colorado_Island",1901,"6.90000009536743","dtr",3,1941,41,41
"Barro_Colorado_Island",1991,"6.90000009536743","dtr",3,2002,12,12
"Barro_Colorado_Island",2004,"6.90000009536743","dtr",3,2008,5,5
"Barro_Colorado_Island",1901,"4.80000019073486","pet",3,1916,16,16
"Barro_Colorado_Island",1943,"4.70000028610229","pet",3,1946,4,4
"Barro_Colorado_Island",1921,"4.70000028610229","pet",3,1923,3,3
"Barro_Colorado_Island",1927,"4.70000028610229","pet",3,1929,3,3
"Barro_Colorado_Island",1938,"4.70000028610229","pet",3,1940,3,3
"Barro_Colorado_Island",1984,"4.70000028610229","pet",3,1986,3,3
"Barro_Colorado_Island",2003,"4.80000019073486","pet",3,2005,3,3
"Barro_Colorado_Island",2014,"4.80000019073486","pet",3,2016,3,3
"Barro_Colorado_Island",1901,"30","pre",3,1933,33,33
"Barro_Colorado_Island",1935,"30","pre",3,1940,6,6
"Barro_Colorado_Island",1901,"23.3999996185303","tmn",3,1916,16,16
"Barro_Colorado_Island",1927,"23.3000011444092","tmn",3,1929,3,3
"Barro_Colorado_Island",1901,"26.8000011444092","tmp",3,1916,16,16
"Barro_Colorado_Island",1927,"26.7000007629395","tmp",3,1929,3,3
"Barro_Colorado_Island",1901,"23.3999996185303","tmn",3,1916,16,16
"Barro_Colorado_Island",1927,"23.3000011444092","tmn",3,1929,3,3
"Barro_Colorado_Island",1901,"30.3000011444092","tmx",3,1916,16,16
"Barro_Colorado_Island",1927,"30.2000007629395","tmx",3,1929,3,3
"Barro_Colorado_Island",1901,"27","vap",3,1940,40,40
"Barro_Colorado_Island",1901,"6.899999619","wet",3,1925,25,25
"Barro_Colorado_Island",1927,"6.899999619","wet",3,1933,7,7
"Barro_Colorado_Island",1935,"6.899999619","wet",3,1940,6,6
"Zofin",1997,"8.5","dtr",3,1999,3,3
"Zofin",1999,"6.30000019073486","vap",3,2001,3,3
"Scotty_Creek",1938,"0.400000005960464","pet",3,1943,6,6
"Scotty_Creek",1918,"0.300000011920929","pet",3,1921,4,4
"Scotty_Creek",1945,"0.400000005960464","pet",3,1948,4,4
"Scotty_Creek",1968,"0.400000005960464","pet",3,1971,4,4
"Scotty_Creek",1975,"0.400000005960464","pet",3,1978,4,4
"Scotty_Creek",1910,"0.400000005960464","pet",3,1912,3,3
"Scotty_Creek",1932,"0.400000005960464","pet",3,1934,3,3
"Scotty_Creek",1935,"0.300000011920929","pet",3,1937,3,3
"Scotty_Creek",1962,"0.200000002980232","pet",3,1964,3,3
"Scotty_Creek",1995,"0.300000011920929","pet",3,1997,3,3
"Smithsonian_Environmental_Research_Center",1996,"61.2999992370605","cld",4,2002,7,7
"Smithsonian_Environmental_Research_Center",1918,"3.29999995231628","pet",4,1920,3,3
"Smithsonian_Environmental_Research_Center",1931,"3.40000009536743","pet",4,1933,3,3
"Smithsonian_Environmental_Research_Center",2014,"3.79999995231628","pet",4,2016,3,3
"Harvard_Forest",2013,"3.10000014305115","pet",4,2016,4,4
"Harvard_Forest",1917,"5.70000028610229","vap",4,1919,3,3
"Smithsonian_Conservation_Biology_Institute",1999,"65","cld",4,2002,4,4
"Smithsonian_Conservation_Biology_Institute",1949,"3.40000009536743","pet",4,1953,5,5
"Smithsonian_Conservation_Biology_Institute",1997,"3.29999995231628","pet",4,1999,3,3
"Lilly_Dickey_Woods",1996,"66.3000030517578","cld",4,2002,7,7
"Lilly_Dickey_Woods",1967,"3.29999995231628","pet",4,1969,3,3
"Lilly_Dickey_Woods",1989,"3","pet",4,1991,3,3
"Ordway-Swisher",1957,"4.09999990463257","pet",4,1959,3,3
"Ordway-Swisher",1974,"15.6999998092651","vap",4,1976,3,3
"Yosemite_National_Park",1996,"53.7999992370605","cld",4,2002,7,7
"Yosemite_National_Park",1907,"9.19999980926514","tmp",4,1909,3,3
"Wind_River",1901,"1.89999997615814","pet",4,1903,3,3
"Wind_River",1960,"7.5","vap",4,1962,3,3
"Utah_Forest_Dynamics_Plot",1996,"53.7999992370605","cld",4,2002,7,7
"Utah_Forest_Dynamics_Plot",1951,"3.90000009536743","pet",4,1953,3,3
"Utah_Forest_Dynamics_Plot",1956,"3","vap",4,1958,3,3
"Huai_Kha_Khaeng",1901,"40","cld",4,1915,15,15
"Huai_Kha_Khaeng",1901,"14.6999998092651","dtr",4,1936,36,36
"Huai_Kha_Khaeng",2013,"14.5","dtr",4,2015,3,3
"Huai_Kha_Khaeng",1912,"4.90000009536743","pet",4,1915,4,4
"Huai_Kha_Khaeng",1907,"4.90000009536743","pet",4,1909,3,3
"Huai_Kha_Khaeng",1932,"4.80000019073486","pet",4,1934,3,3
"Huai_Kha_Khaeng",1936,"4.90000009536743","pet",4,1938,3,3
"Huai_Kha_Khaeng",2007,"4.70000028610229","pet",4,2009,3,3
"Barro_Colorado_Island",1901,"46.2999992370605","cld",4,1929,29,29
"Barro_Colorado_Island",1991,"46.2999992370605","cld",4,1995,5,5
"Barro_Colorado_Island",1901,"6.90000009536743","dtr",4,1940,40,40
"Barro_Colorado_Island",1998,"6.90000009536743","dtr",4,2007,10,10
"Barro_Colorado_Island",1991,"6.90000009536743","dtr",4,1996,6,6
"Barro_Colorado_Island",1949,"6.90000009536743","dtr",4,1952,4,4
"Barro_Colorado_Island",1901,"4.70000028610229","pet",4,1915,15,15
"Barro_Colorado_Island",2007,"4.70000028610229","pet",4,2011,5,5
"Barro_Colorado_Island",1917,"4.70000028610229","pet",4,1920,4,4
"Barro_Colorado_Island",1961,"4.80000019073486","pet",4,1963,3,3
"Barro_Colorado_Island",1964,"4.90000009536743","pet",4,1966,3,3
"Barro_Colorado_Island",1968,"4.70000028610229","pet",4,1970,3,3
"Barro_Colorado_Island",1988,"4.59999990463257","pet",4,1990,3,3
"Barro_Colorado_Island",1993,"4.80000019073486","pet",4,1995,3,3
"Barro_Colorado_Island",1901,"96","pre",4,1925,25,25
"Barro_Colorado_Island",1934,"96","pre",4,1936,3,3
"Barro_Colorado_Island",1901,"24","tmn",4,1915,15,15
"Barro_Colorado_Island",1901,"27.3999996185303","tmp",4,1915,15,15
"Barro_Colorado_Island",1901,"24","tmn",4,1915,15,15
"Barro_Colorado_Island",1901,"30.8999996185303","tmx",4,1915,15,15
"Barro_Colorado_Island",1901,"28.7000007629395","vap",4,1940,40,40
"Barro_Colorado_Island",1901,"8.800000191","wet",4,1925,25,25
"Barro_Colorado_Island",1930,"8.800000191","wet",4,1937,8,8
"Scotty_Creek",1939,"1.80000007152557","pet",4,1941,3,3
"Smithsonian_Environmental_Research_Center",1996,"62.5","cld",5,2002,7,7
"Harvard_Forest",1960,"3.40000009536743","pet",5,1962,3,3
"Harvard_Forest",1980,"4.09999990463257","pet",5,1982,3,3
"Harvard_Forest",1985,"3.90000009536743","pet",5,1987,3,3
"Smithsonian_Conservation_Biology_Institute",1996,"65","cld",5,2002,7,7
"Smithsonian_Conservation_Biology_Institute",1964,"15.1999998092651","dtr",5,1966,3,3
"Smithsonian_Conservation_Biology_Institute",1999,"3.90000009536743","pet",5,2001,3,3
"Lilly_Dickey_Woods",1996,"62.5","cld",5,2002,7,7
"Ordway-Swisher",1996,"57.5","cld",5,2002,7,7
"Ordway-Swisher",1912,"4.5","pet",5,1916,5,5
"Ordway-Swisher",1930,"4.70000028610229","pet",5,1932,3,3
"Yosemite_National_Park",1996,"45","cld",5,2002,7,7
"Yosemite_National_Park",1921,"5.5","vap",5,1923,3,3
"Wind_River",1934,"3.40000009536743","pet",5,1936,3,3
"Utah_Forest_Dynamics_Plot",1996,"50","cld",5,2002,7,7
"Utah_Forest_Dynamics_Plot",1920,"3.70000004768372","vap",5,1922,3,3
"Huai_Kha_Khaeng",1901,"72.5","cld",5,1916,16,16
"Huai_Kha_Khaeng",1901,"10.9000005722046","dtr",5,1936,36,36
"Huai_Kha_Khaeng",1907,"3.5","pet",5,1911,5,5
"Huai_Kha_Khaeng",1913,"3.5","pet",5,1917,5,5
"Huai_Kha_Khaeng",2000,"21.3999996185303","tmn",5,2002,3,3
"Huai_Kha_Khaeng",2000,"21.3999996185303","tmn",5,2002,3,3
"Barro_Colorado_Island",1915,"61.2999992370605","cld",5,1929,15,15
"Barro_Colorado_Island",1902,"61.2999992370605","cld",5,1907,6,6
"Barro_Colorado_Island",1993,"61.2999992370605","cld",5,1995,3,3
"Barro_Colorado_Island",1901,"6.59999990463257","dtr",5,1940,40,40
"Barro_Colorado_Island",1992,"6.59999990463257","dtr",5,1997,6,6
"Barro_Colorado_Island",1949,"6.59999990463257","dtr",5,1952,4,4
"Barro_Colorado_Island",1999,"6.59999990463257","dtr",5,2002,4,4
"Barro_Colorado_Island",1946,"6.80000019073486","dtr",5,1948,3,3
"Barro_Colorado_Island",1901,"3.60000014305115","pet",5,1914,14,14
"Barro_Colorado_Island",1928,"3.60000014305115","pet",5,1931,4,4
"Barro_Colorado_Island",1974,"3.5","pet",5,1977,4,4
"Barro_Colorado_Island",2009,"3.70000004768372","pet",5,2012,4,4
"Barro_Colorado_Island",1957,"3.90000009536743","pet",5,1959,3,3
"Barro_Colorado_Island",1965,"3.70000004768372","pet",5,1967,3,3
"Barro_Colorado_Island",1901,"307","pre",5,1925,25,25
"Barro_Colorado_Island",1901,"23.6000003814697","tmn",5,1914,14,14
"Barro_Colorado_Island",1901,"26.8999996185303","tmp",5,1914,14,14
"Barro_Colorado_Island",1901,"23.6000003814697","tmn",5,1914,14,14
"Barro_Colorado_Island",1901,"30.2000007629395","tmx",5,1914,14,14
"Barro_Colorado_Island",1974,"29.5","tmx",5,1976,3,3
"Barro_Colorado_Island",1901,"30.8000011444092","vap",5,1941,41,41
"Barro_Colorado_Island",1901,"19.19999886","wet",5,1925,25,25
"Barro_Colorado_Island",1927,"19.19999886","wet",5,1929,3,3
"Barro_Colorado_Island",1935,"19.18999863","wet",5,1937,3,3
"Zofin",1912,"2.90000009536743","pet",5,1914,3,3
"Scotty_Creek",2016,"3.40000009536743","pet",5,2018,3,3
"Scotty_Creek",1940,"6.20000028610229","vap",5,1942,3,3
"Harvard_Forest",2017,"4.30000019073486","pet",6,2019,3,3
"Harvard_Forest",1946,"13.9000005722046","vap",6,1948,3,3
"Smithsonian_Conservation_Biology_Institute",2016,"29.3999996185303","tmx",6,2018,3,3
"Lilly_Dickey_Woods",1996,"58.7999992370605","cld",6,2002,7,7
"Lilly_Dickey_Woods",2009,"4.5","pet",6,2011,3,3
"Lilly_Dickey_Woods",1915,"16.7000007629395","vap",6,1917,3,3
"Ordway-Swisher",2000,"61.2999992370605","cld",6,2002,3,3
"Ordway-Swisher",1939,"4.40000009536743","pet",6,1941,3,3
"Ordway-Swisher",1954,"4.80000019073486","pet",6,1956,3,3
"Ordway-Swisher",1986,"4.59999990463257","pet",6,1988,3,3
"Ordway-Swisher",1995,"4.30000019073486","pet",6,1997,3,3
"Yosemite_National_Park",1996,"35","cld",6,2002,7,7
"Wind_River",2010,"3.20000004768372","pet",6,2012,3,3
"Utah_Forest_Dynamics_Plot",1996,"37.5","cld",6,2002,7,7
"Utah_Forest_Dynamics_Plot",2015,"7.30000019073486","pet",6,2018,4,4
"Utah_Forest_Dynamics_Plot",1985,"7.09999990463257","pet",6,1987,3,3
"Huai_Kha_Khaeng",1901,"87.5","cld",6,1912,12,12
"Huai_Kha_Khaeng",1901,"8.10000038146973","dtr",6,1936,36,36
"Huai_Kha_Khaeng",1908,"2.79999995231628","pet",6,1911,4,4
"Huai_Kha_Khaeng",1913,"2.79999995231628","pet",6,1916,4,4
"Huai_Kha_Khaeng",1987,"2.79999995231628","pet",6,1990,4,4
"Huai_Kha_Khaeng",1901,"2.90000009536743","pet",6,1903,3,3
"Huai_Kha_Khaeng",1905,"2.90000009536743","pet",6,1907,3,3
"Huai_Kha_Khaeng",1919,"2.79999995231628","pet",6,1921,3,3
"Huai_Kha_Khaeng",1922,"2.70000004768372","pet",6,1924,3,3
"Huai_Kha_Khaeng",1948,"2.90000009536743","pet",6,1950,3,3
"Huai_Kha_Khaeng",1956,"2.90000009536743","pet",6,1958,3,3
"Huai_Kha_Khaeng",1999,"25.7000007629395","tmp",6,2001,3,3
"Huai_Kha_Khaeng",1974,"27.6000003814697","vap",6,1976,3,3
"Barro_Colorado_Island",1910,"62.5","cld",6,1921,12,12
"Barro_Colorado_Island",1923,"62.5","cld",6,1929,7,7
"Barro_Colorado_Island",1902,"62.5","cld",6,1907,6,6
"Barro_Colorado_Island",1993,"62.5","cld",6,1995,3,3
"Barro_Colorado_Island",1901,"6.30000019073486","dtr",6,1940,40,40
"Barro_Colorado_Island",1990,"6.30000019073486","dtr",6,1996,7,7
"Barro_Colorado_Island",1949,"6.30000019073486","dtr",6,1952,4,4
"Barro_Colorado_Island",1999,"6.30000019073486","dtr",6,2002,4,4
"Barro_Colorado_Island",2013,"6.09999990463257","dtr",6,2016,4,4
"Barro_Colorado_Island",1901,"3.40000009536743","pet",6,1916,16,16
"Barro_Colorado_Island",1934,"3.40000009536743","pet",6,1940,7,7
"Barro_Colorado_Island",2007,"3.40000009536743","pet",6,2010,4,4
"Barro_Colorado_Island",1927,"3.29999995231628","pet",6,1929,3,3
"Barro_Colorado_Island",1931,"3.29999995231628","pet",6,1933,3,3
"Barro_Colorado_Island",1988,"3.20000004768372","pet",6,1990,3,3
"Barro_Colorado_Island",2013,"3.40000009536743","pet",6,2015,3,3
"Barro_Colorado_Island",1901,"290","pre",6,1925,25,25
"Barro_Colorado_Island",1901,"22.8999996185303","tmn",6,1914,14,14
"Barro_Colorado_Island",1927,"22.8000011444092","tmn",6,1930,4,4
"Barro_Colorado_Island",1901,"26","tmp",6,1914,14,14
"Barro_Colorado_Island",1927,"25.8999996185303","tmp",6,1930,4,4
"Barro_Colorado_Island",1901,"22.8999996185303","tmn",6,1914,14,14
"Barro_Colorado_Island",1927,"22.8000011444092","tmn",6,1930,4,4
"Barro_Colorado_Island",1901,"29.2000007629395","tmx",6,1914,14,14
"Barro_Colorado_Island",1927,"29.1000003814697","tmx",6,1930,4,4
"Barro_Colorado_Island",1901,"29.8000011444092","vap",6,1940,40,40
"Barro_Colorado_Island",1901,"19.89999962","wet",6,1925,25,25
"Barro_Colorado_Island",1933,"19.89999962","wet",6,1936,4,4
"Zofin",1961,"10.8000001907349","dtr",6,1963,3,3
"Scotty_Creek",1917,"3.40000009536743","pet",6,1919,3,3
"Scotty_Creek",1930,"3.5","pet",6,1932,3,3
"Scotty_Creek",1999,"3.70000004768372","pet",6,2001,3,3
"Smithsonian_Environmental_Research_Center",2000,"60","cld",7,2002,3,3
"Smithsonian_Environmental_Research_Center",1960,"10.6999998092651","dtr",7,1962,3,3
"Harvard_Forest",2010,"4.80000019073486","pet",7,2012,3,3
"Smithsonian_Conservation_Biology_Institute",2000,"63.7999992370605","cld",7,2002,3,3
"Smithsonian_Conservation_Biology_Institute",1953,"4.90000009536743","pet",7,1955,3,3
"Smithsonian_Conservation_Biology_Institute",1959,"4.09999990463257","pet",7,1961,3,3
"Smithsonian_Conservation_Biology_Institute",2010,"4.90000009536743","pet",7,2012,3,3
"Smithsonian_Conservation_Biology_Institute",1993,"18.2000007629395","tmn",7,1995,3,3
"Smithsonian_Conservation_Biology_Institute",1993,"18.2000007629395","tmn",7,1995,3,3
"Lilly_Dickey_Woods",1996,"57.5","cld",7,2002,7,7
"Ordway-Swisher",1996,"63.7999992370605","cld",7,2002,7,7
"Ordway-Swisher",1948,"11.1000003814697","dtr",7,1950,3,3
"Ordway-Swisher",1995,"4.40000009536743","pet",7,1997,3,3
"Ordway-Swisher",1998,"4.5","pet",7,2000,3,3
"Yosemite_National_Park",1996,"25","cld",7,2002,7,7
"Yosemite_National_Park",1989,"31.7000007629395","tmx",7,1991,3,3
"Yosemite_National_Park",1909,"7.30000019073486","vap",7,1911,3,3
"Yosemite_National_Park",1926,"0.049999997","wet",7,1928,3,3
"Yosemite_National_Park",2008,"0.079999998","wet",7,2010,3,3
"Utah_Forest_Dynamics_Plot",1996,"41.2999992370605","cld",7,2002,7,7
"Utah_Forest_Dynamics_Plot",1946,"6.90000009536743","pet",7,1948,3,3
"Utah_Forest_Dynamics_Plot",1952,"6.90000009536743","pet",7,1954,3,3
"Utah_Forest_Dynamics_Plot",1982,"6.5","pet",7,1984,3,3
"Utah_Forest_Dynamics_Plot",1977,"19.7000007629395","tmp",7,1979,3,3
"Huai_Kha_Khaeng",1901,"87.5","cld",7,1915,15,15
"Huai_Kha_Khaeng",1901,"8","dtr",7,1936,36,36
"Huai_Kha_Khaeng",1906,"2.79999995231628","pet",7,1916,11,11
"Huai_Kha_Khaeng",1922,"2.60000014305115","pet",7,1925,4,4
"Huai_Kha_Khaeng",1943,"2.79999995231628","pet",7,1946,4,4
"Huai_Kha_Khaeng",1926,"2.70000004768372","pet",7,1928,3,3
"Huai_Kha_Khaeng",1939,"2.79999995231628","pet",7,1941,3,3
"Huai_Kha_Khaeng",1989,"2.79999995231628","pet",7,1991,3,3
"Huai_Kha_Khaeng",2015,"2.79999995231628","pet",7,2017,3,3
"Huai_Kha_Khaeng",1948,"21.3999996185303","tmn",7,1950,3,3
"Huai_Kha_Khaeng",1947,"25.6000003814697","tmp",7,1949,3,3
"Huai_Kha_Khaeng",1951,"25.3999996185303","tmp",7,1953,3,3
"Huai_Kha_Khaeng",1948,"21.3999996185303","tmn",7,1950,3,3
"Barro_Colorado_Island",1910,"63.7999992370605","cld",7,1925,16,16
"Barro_Colorado_Island",1902,"63.7999992370605","cld",7,1905,4,4
"Barro_Colorado_Island",1993,"63.7999992370605","cld",7,1995,3,3
"Barro_Colorado_Island",1901,"6.30000019073486","dtr",7,1940,40,40
"Barro_Colorado_Island",1991,"6.30000019073486","dtr",7,2008,18,18
"Barro_Colorado_Island",1950,"6.30000019073486","dtr",7,1952,3,3
"Barro_Colorado_Island",1966,"6.40000009536743","dtr",7,1968,3,3
"Barro_Colorado_Island",1901,"3.40000009536743","pet",7,1914,14,14
"Barro_Colorado_Island",1916,"3.40000009536743","pet",7,1922,7,7
"Barro_Colorado_Island",1935,"3.5","pet",7,1939,5,5
"Barro_Colorado_Island",1987,"3.40000009536743","pet",7,1990,4,4
"Barro_Colorado_Island",1924,"3.40000009536743","pet",7,1926,3,3
"Barro_Colorado_Island",1993,"3.5","pet",7,1995,3,3
"Barro_Colorado_Island",1901,"316","pre",7,1925,25,25
"Barro_Colorado_Island",1901,"23.3000011444092","tmn",7,1914,14,14
"Barro_Colorado_Island",1917,"23.3000011444092","tmn",7,1921,5,5
"Barro_Colorado_Island",1937,"23.3000011444092","tmn",7,1939,3,3
"Barro_Colorado_Island",1901,"26.3999996185303","tmp",7,1914,14,14
"Barro_Colorado_Island",1917,"26.3999996185303","tmp",7,1921,5,5
"Barro_Colorado_Island",1937,"26.3999996185303","tmp",7,1939,3,3
"Barro_Colorado_Island",1901,"23.3000011444092","tmn",7,1914,14,14
"Barro_Colorado_Island",1917,"23.3000011444092","tmn",7,1921,5,5
"Barro_Colorado_Island",1937,"23.3000011444092","tmn",7,1939,3,3
"Barro_Colorado_Island",1901,"29.6000003814697","tmx",7,1914,14,14
"Barro_Colorado_Island",1917,"29.6000003814697","tmx",7,1921,5,5
"Barro_Colorado_Island",1937,"29.6000003814697","tmx",7,1939,3,3
"Barro_Colorado_Island",1956,"30.3000011444092","tmx",7,1958,3,3
"Barro_Colorado_Island",1901,"30.2000007629395","vap",7,1940,40,40
"Barro_Colorado_Island",1901,"22.10000038","wet",7,1925,25,25
"Barro_Colorado_Island",1927,"22.10000038","wet",7,1929,3,3
"Zofin",1986,"4","pet",7,1988,3,3
"Zofin",1960,"10.6999998092651","tmn",7,1962,3,3
"Zofin",1960,"10.6999998092651","tmn",7,1962,3,3
"Scotty_Creek",1903,"3.5","pet",7,1905,3,3
"Scotty_Creek",1917,"3.5","pet",7,1919,3,3
"Scotty_Creek",1954,"12.8000001907349","vap",7,1956,3,3
"Smithsonian_Environmental_Research_Center",1996,"58.7999992370605","cld",8,2000,5,5
"Smithsonian_Environmental_Research_Center",1905,"3.90000009536743","pet",8,1907,3,3
"Harvard_Forest",1929,"3.40000009536743","pet",8,1931,3,3
"Smithsonian_Conservation_Biology_Institute",1996,"62.5","cld",8,2000,5,5
"Smithsonian_Conservation_Biology_Institute",1984,"3.60000014305115","pet",8,1986,3,3
"Smithsonian_Conservation_Biology_Institute",1902,"22.2000007629395","tmp",8,1904,3,3
"Lilly_Dickey_Woods",1996,"56.2999992370605","cld",8,2002,7,7
"Lilly_Dickey_Woods",1968,"4","pet",8,1971,4,4
"Lilly_Dickey_Woods",2015,"3.79999995231628","pet",8,2017,3,3
"Lilly_Dickey_Woods",1964,"15.1000003814697","tmn",8,1966,3,3
"Lilly_Dickey_Woods",1964,"15.1000003814697","tmn",8,1966,3,3
"Ordway-Swisher",1996,"61.2999992370605","cld",8,2001,6,6
"Ordway-Swisher",1934,"3.79999995231628","pet",8,1936,3,3
"Ordway-Swisher",2002,"3.90000009536743","pet",8,2004,3,3
"Ordway-Swisher",1907,"32.2999992370605","tmx",8,1909,3,3
"Yosemite_National_Park",1996,"27.5","cld",8,2002,7,7
"Yosemite_National_Park",1989,"5.80000019073486","pet",8,1991,3,3
"Yosemite_National_Park",1909,"0.01","wet",8,1911,3,3
"Utah_Forest_Dynamics_Plot",1996,"40","cld",8,2002,7,7
"Utah_Forest_Dynamics_Plot",1987,"5.90000009536743","pet",8,1989,3,3
"Huai_Kha_Khaeng",1901,"90","cld",8,1912,12,12
"Huai_Kha_Khaeng",1993,"90","cld",8,1995,3,3
"Huai_Kha_Khaeng",1901,"7.59999990463257","dtr",8,1936,36,36
"Huai_Kha_Khaeng",1901,"2.70000004768372","pet",8,1906,6,6
"Huai_Kha_Khaeng",1940,"2.60000014305115","pet",8,1944,5,5
"Huai_Kha_Khaeng",1931,"2.5","pet",8,1934,4,4
"Huai_Kha_Khaeng",1948,"2.70000004768372","pet",8,1951,4,4
"Huai_Kha_Khaeng",1971,"2.60000014305115","pet",8,1974,4,4
"Huai_Kha_Khaeng",1907,"2.60000014305115","pet",8,1909,3,3
"Huai_Kha_Khaeng",1914,"2.60000014305115","pet",8,1916,3,3
"Huai_Kha_Khaeng",1962,"2.70000004768372","pet",8,1964,3,3
"Huai_Kha_Khaeng",1994,"2.60000014305115","pet",8,1996,3,3
"Huai_Kha_Khaeng",1973,"21.7000007629395","tmn",8,1975,3,3
"Huai_Kha_Khaeng",1983,"21.3000011444092","tmn",8,1985,3,3
"Huai_Kha_Khaeng",1992,"21.8999996185303","tmn",8,1994,3,3
"Huai_Kha_Khaeng",1973,"21.7000007629395","tmn",8,1975,3,3
"Huai_Kha_Khaeng",1983,"21.3000011444092","tmn",8,1985,3,3
"Huai_Kha_Khaeng",1992,"21.8999996185303","tmn",8,1994,3,3
"Huai_Kha_Khaeng",1962,"29.2000007629395","tmx",8,1964,3,3
"Huai_Kha_Khaeng",2012,"29.5","tmx",8,2014,3,3
"Barro_Colorado_Island",1914,"65","cld",8,1921,8,8
"Barro_Colorado_Island",1902,"65","cld",8,1905,4,4
"Barro_Colorado_Island",1927,"65","cld",8,1929,3,3
"Barro_Colorado_Island",1993,"65","cld",8,1995,3,3
"Barro_Colorado_Island",1901,"6.20000028610229","dtr",8,1940,40,40
"Barro_Colorado_Island",1991,"6.20000028610229","dtr",8,1995,5,5
"Barro_Colorado_Island",1999,"6.20000028610229","dtr",8,2003,5,5
"Barro_Colorado_Island",1949,"6.20000028610229","dtr",8,1952,4,4
"Barro_Colorado_Island",1984,"5.80000019073486","dtr",8,1986,3,3
"Barro_Colorado_Island",1901,"3.29999995231628","pet",8,1914,14,14
"Barro_Colorado_Island",1916,"3.29999995231628","pet",8,1925,10,10
"Barro_Colorado_Island",1927,"3.29999995231628","pet",8,1930,4,4
"Barro_Colorado_Island",1961,"3.5","pet",8,1964,4,4
"Barro_Colorado_Island",1901,"309","pre",8,1925,25,25
"Barro_Colorado_Island",1901,"22.8000011444092","tmn",8,1914,14,14
"Barro_Colorado_Island",1921,"22.7000007629395","tmn",8,1923,3,3
"Barro_Colorado_Island",1901,"25.8999996185303","tmp",8,1914,14,14
"Barro_Colorado_Island",1921,"25.8000011444092","tmp",8,1923,3,3
"Barro_Colorado_Island",1959,"26.1000003814697","tmp",8,1961,3,3
"Barro_Colorado_Island",1972,"25.7000007629395","tmp",8,1974,3,3
"Barro_Colorado_Island",1901,"22.8000011444092","tmn",8,1914,14,14
"Barro_Colorado_Island",1921,"22.7000007629395","tmn",8,1923,3,3
"Barro_Colorado_Island",1901,"29","tmx",8,1914,14,14
"Barro_Colorado_Island",1921,"28.8999996185303","tmx",8,1923,3,3
"Barro_Colorado_Island",1901,"29.7000007629395","vap",8,1940,40,40
"Barro_Colorado_Island",1948,"29.1000003814697","vap",8,1950,3,3
"Barro_Colorado_Island",1901,"23.19999886","wet",8,1925,25,25
"Barro_Colorado_Island",1933,"23.20999908","wet",8,1935,3,3
"Zofin",1908,"10.1000003814697","dtr",8,1910,3,3
"Scotty_Creek",1901,"2.60000014305115","pet",8,1903,3,3
"Smithsonian_Environmental_Research_Center",1903,"3.29999995231628","pet",9,1905,3,3
"Smithsonian_Environmental_Research_Center",1976,"3.5","pet",9,1978,3,3
"Smithsonian_Environmental_Research_Center",1902,"17.7000007629395","vap",9,1904,3,3
"Harvard_Forest",1924,"2.60000014305115","pet",9,1926,3,3
"Harvard_Forest",1989,"2.70000004768372","pet",9,1991,3,3
"Lilly_Dickey_Woods",1996,"56.2999992370605","cld",9,2002,7,7
"Ordway-Swisher",1999,"62.5","cld",9,2002,4,4
"Ordway-Swisher",1959,"26.3000011444092","tmp",9,1961,3,3
"Yosemite_National_Park",1996,"27.5","cld",9,2002,7,7
"Yosemite_National_Park",1933,"19.3999996185303","cld",9,1935,3,3
"Wind_River",1968,"2.70000004768372","pet",9,1972,5,5
"Wind_River",1905,"2.79999995231628","pet",9,1907,3,3
"Wind_River",1902,"9.5","vap",9,1904,3,3
"Utah_Forest_Dynamics_Plot",1996,"33.7999992370605","cld",9,2002,7,7
"Utah_Forest_Dynamics_Plot",2004,"4.70000028610229","pet",9,2007,4,4
"Utah_Forest_Dynamics_Plot",1998,"4.90000009536743","pet",9,2000,3,3
"Utah_Forest_Dynamics_Plot",1924,"3.70000004768372","tmn",9,1926,3,3
"Utah_Forest_Dynamics_Plot",1924,"3.70000004768372","tmn",9,1926,3,3
"Huai_Kha_Khaeng",1901,"83.8000030517578","cld",9,1915,15,15
"Huai_Kha_Khaeng",1901,"8.30000019073486","dtr",9,1935,35,35
"Huai_Kha_Khaeng",1950,"8.5","dtr",9,1953,4,4
"Huai_Kha_Khaeng",2017,"8.80000019073486","dtr",9,2019,3,3
"Huai_Kha_Khaeng",1902,"2.70000004768372","pet",9,1909,8,8
"Huai_Kha_Khaeng",1921,"2.5","pet",9,1926,6,6
"Huai_Kha_Khaeng",1911,"2.70000004768372","pet",9,1915,5,5
"Huai_Kha_Khaeng",1963,"2.60000014305115","pet",9,1967,5,5
"Huai_Kha_Khaeng",1930,"2.40000009536743","pet",9,1932,3,3
"Huai_Kha_Khaeng",1940,"2.70000004768372","pet",9,1942,3,3
"Huai_Kha_Khaeng",1945,"2.60000014305115","pet",9,1947,3,3
"Huai_Kha_Khaeng",1956,"2.60000014305115","pet",9,1958,3,3
"Huai_Kha_Khaeng",1975,"2.60000014305115","pet",9,1977,3,3
"Huai_Kha_Khaeng",1988,"2.79999995231628","pet",9,1990,3,3
"Huai_Kha_Khaeng",2003,"2.5","pet",9,2005,3,3
"Huai_Kha_Khaeng",1964,"29.3000011444092","tmx",9,1966,3,3
"Huai_Kha_Khaeng",1946,"27.8999996185303","vap",9,1948,3,3
"Barro_Colorado_Island",1901,"65","cld",9,1929,29,29
"Barro_Colorado_Island",1993,"65","cld",9,1995,3,3
"Barro_Colorado_Island",1901,"6.5","dtr",9,1940,40,40
"Barro_Colorado_Island",1991,"6.5","dtr",9,1995,5,5
"Barro_Colorado_Island",1950,"6.5","dtr",9,1952,3,3
"Barro_Colorado_Island",1999,"6.5","dtr",9,2001,3,3
"Barro_Colorado_Island",2014,"6.30000019073486","dtr",9,2016,3,3
"Barro_Colorado_Island",1901,"3.29999995231628","pet",9,1923,23,23
"Barro_Colorado_Island",1925,"3.29999995231628","pet",9,1929,5,5
"Barro_Colorado_Island",1978,"3.29999995231628","pet",9,1981,4,4
"Barro_Colorado_Island",2015,"3.40000009536743","pet",9,2018,4,4
"Barro_Colorado_Island",1933,"3.40000009536743","pet",9,1935,3,3
"Barro_Colorado_Island",1938,"3.40000009536743","pet",9,1940,3,3
"Barro_Colorado_Island",1949,"3.60000014305115","pet",9,1951,3,3
"Barro_Colorado_Island",1961,"3.5","pet",9,1963,3,3
"Barro_Colorado_Island",1986,"3.29999995231628","pet",9,1988,3,3
"Barro_Colorado_Island",2012,"3.29999995231628","pet",9,2014,3,3
"Barro_Colorado_Island",1901,"298","pre",9,1925,25,25
"Barro_Colorado_Island",1901,"22.3000011444092","tmn",9,1914,14,14
"Barro_Colorado_Island",1917,"22.3000011444092","tmn",9,1921,5,5
"Barro_Colorado_Island",1958,"22.5","tmn",9,1960,3,3
"Barro_Colorado_Island",1901,"25.5","tmp",9,1914,14,14
"Barro_Colorado_Island",1917,"25.5","tmp",9,1921,5,5
"Barro_Colorado_Island",1977,"25.5","tmp",9,1979,3,3
"Barro_Colorado_Island",1901,"22.3000011444092","tmn",9,1914,14,14
"Barro_Colorado_Island",1917,"22.3000011444092","tmn",9,1921,5,5
"Barro_Colorado_Island",1958,"22.5","tmn",9,1960,3,3
"Barro_Colorado_Island",1901,"28.8000011444092","tmx",9,1914,14,14
"Barro_Colorado_Island",1917,"28.8000011444092","tmx",9,1921,5,5
"Barro_Colorado_Island",1901,"28.7000007629395","vap",9,1940,40,40
"Barro_Colorado_Island",1976,"28.8999996185303","vap",9,1978,3,3
"Barro_Colorado_Island",1901,"19","wet",9,1925,25,25
"Barro_Colorado_Island",1929,"18.98999977","wet",9,1932,4,4
"Barro_Colorado_Island",1933,"19","wet",9,1935,3,3
"Zofin",1979,"2.10000014305115","pet",9,1981,3,3
"Scotty_Creek",1901,"1.30000007152557","pet",9,1906,6,6
"Scotty_Creek",1917,"1.70000004768372","pet",9,1919,3,3
"Scotty_Creek",1968,"1.20000004768372","pet",9,1970,3,3
"Scotty_Creek",1983,"1.39999997615814","pet",9,1985,3,3
"Scotty_Creek",1997,"1.60000002384186","pet",9,1999,3,3
"Scotty_Creek",2002,"1.39999997615814","pet",9,2004,3,3
"Smithsonian_Environmental_Research_Center",1996,"53.7999992370605","cld",10,1999,4,4
"Smithsonian_Environmental_Research_Center",1932,"2.5","pet",10,1934,3,3
"Smithsonian_Environmental_Research_Center",1984,"2.60000014305115","pet",10,1986,3,3
"Harvard_Forest",1922,"2.10000014305115","pet",10,1924,3,3
"Harvard_Forest",1943,"1.89999997615814","pet",10,1945,3,3
"Harvard_Forest",2002,"8.5","vap",10,2004,3,3
"Smithsonian_Conservation_Biology_Institute",1999,"57.5","cld",10,2002,4,4
"Smithsonian_Conservation_Biology_Institute",1958,"2.29999995231628","pet",10,1960,3,3
"Smithsonian_Conservation_Biology_Institute",1968,"2.20000004768372","pet",10,1970,3,3
"Smithsonian_Conservation_Biology_Institute",1965,"20","tmx",10,1967,3,3
"Lilly_Dickey_Woods",1996,"57.5","cld",10,2002,7,7
"Lilly_Dickey_Woods",1903,"2.29999995231628","pet",10,1906,4,4
"Lilly_Dickey_Woods",1942,"2.5","pet",10,1944,3,3
"Lilly_Dickey_Woods",1994,"5.90000009536743","tmn",10,1996,3,3
"Lilly_Dickey_Woods",1994,"5.90000009536743","tmn",10,1996,3,3
"Lilly_Dickey_Woods",1961,"11.6000003814697","vap",10,1963,3,3
"Ordway-Swisher",1997,"55","cld",10,2002,6,6
"Ordway-Swisher",1948,"2.90000009536743","pet",10,1950,3,3
"Yosemite_National_Park",1996,"37.5","cld",10,2002,7,7
"Wind_River",1902,"1.60000002384186","pet",10,1904,3,3
"Wind_River",1909,"1.5","pet",10,1911,3,3
"Wind_River",1938,"1.5","pet",10,1940,3,3
"Wind_River",1949,"1.20000004768372","pet",10,1951,3,3
"Wind_River",1959,"1.39999997615814","pet",10,1961,3,3
"Wind_River",1967,"1.30000007152557","pet",10,1969,3,3
"Utah_Forest_Dynamics_Plot",1996,"40","cld",10,2002,7,7
"Utah_Forest_Dynamics_Plot",1990,"3.60000014305115","pet",10,1992,3,3
"Utah_Forest_Dynamics_Plot",1941,"4.30000019073486","vap",10,1943,3,3
"Huai_Kha_Khaeng",1901,"66.3000030517578","cld",10,1911,11,11
"Huai_Kha_Khaeng",1913,"66.3000030517578","cld",10,1915,3,3
"Huai_Kha_Khaeng",1901,"9.40000057220459","dtr",10,1936,36,36
"Huai_Kha_Khaeng",1901,"2.90000009536743","pet",10,1915,15,15
"Huai_Kha_Khaeng",1935,"2.90000009536743","pet",10,1937,3,3
"Huai_Kha_Khaeng",1949,"2.90000009536743","pet",10,1951,3,3
"Huai_Kha_Khaeng",1954,"2.90000009536743","pet",10,1956,3,3
"Huai_Kha_Khaeng",1965,"2.90000009536743","pet",10,1967,3,3
"Huai_Kha_Khaeng",1976,"2.90000009536743","pet",10,1978,3,3
"Huai_Kha_Khaeng",1989,"2.79999995231628","pet",10,1991,3,3
"Huai_Kha_Khaeng",2017,"21.2000007629395","tmn",10,2019,3,3
"Huai_Kha_Khaeng",1957,"25","tmp",10,1959,3,3
"Huai_Kha_Khaeng",1980,"25.1000003814697","tmp",10,1982,3,3
"Huai_Kha_Khaeng",2017,"21.2000007629395","tmn",10,2019,3,3
"Huai_Kha_Khaeng",1989,"30.1000003814697","tmx",10,1991,3,3
"Barro_Colorado_Island",1901,"66.3000030517578","cld",10,1929,29,29
"Barro_Colorado_Island",1992,"66.3000030517578","cld",10,1995,4,4
"Barro_Colorado_Island",1901,"6.5","dtr",10,1940,40,40
"Barro_Colorado_Island",1991,"6.5","dtr",10,1995,5,5
"Barro_Colorado_Island",1999,"6.5","dtr",10,2001,3,3
"Barro_Colorado_Island",2014,"6.20000028610229","dtr",10,2016,3,3
"Barro_Colorado_Island",2017,"6.5","dtr",10,2019,3,3
"Barro_Colorado_Island",1901,"3","pet",10,1914,14,14
"Barro_Colorado_Island",1919,"3","pet",10,1924,6,6
"Barro_Colorado_Island",1926,"3","pet",10,1930,5,5
"Barro_Colorado_Island",1936,"3.10000014305115","pet",10,1940,5,5
"Barro_Colorado_Island",1991,"3.10000014305115","pet",10,1995,5,5
"Barro_Colorado_Island",1983,"3","pet",10,1985,3,3
"Barro_Colorado_Island",1901,"389","pre",10,1925,25,25
"Barro_Colorado_Island",1928,"388.5","pre",10,1931,4,4
"Barro_Colorado_Island",1901,"22.3000011444092","tmn",10,1914,14,14
"Barro_Colorado_Island",1937,"22.3999996185303","tmn",10,1940,4,4
"Barro_Colorado_Island",2012,"23.1000003814697","tmn",10,2015,4,4
"Barro_Colorado_Island",1989,"22.8999996185303","tmn",10,1991,3,3
"Barro_Colorado_Island",1901,"25.5","tmp",10,1914,14,14
"Barro_Colorado_Island",1937,"25.6000003814697","tmp",10,1940,4,4
"Barro_Colorado_Island",1901,"22.3000011444092","tmn",10,1914,14,14
"Barro_Colorado_Island",1937,"22.3999996185303","tmn",10,1940,4,4
"Barro_Colorado_Island",2012,"23.1000003814697","tmn",10,2015,4,4
"Barro_Colorado_Island",1989,"22.8999996185303","tmn",10,1991,3,3
"Barro_Colorado_Island",1901,"28.8000011444092","tmx",10,1914,14,14
"Barro_Colorado_Island",1937,"28.8999996185303","tmx",10,1940,4,4
"Barro_Colorado_Island",1901,"29.2000007629395","vap",10,1940,40,40
"Barro_Colorado_Island",1945,"29.1000003814697","vap",10,1947,3,3
"Barro_Colorado_Island",1901,"22","wet",10,1927,27,27
"Barro_Colorado_Island",1928,"21.97999954","wet",10,1931,4,4
"Zofin",1933,"1.30000007152557","pet",10,1935,3,3
"Zofin",1996,"1.20000004768372","pet",10,1998,3,3
"Zofin",2007,"1.10000002384186","pet",10,2009,3,3
"Scotty_Creek",1914,"0.400000005960464","pet",10,1920,7,7
"Scotty_Creek",1924,"0.400000005960464","pet",10,1928,5,5
"Scotty_Creek",1968,"0.400000005960464","pet",10,1970,3,3
"Scotty_Creek",2001,"0.400000005960464","pet",10,2003,3,3
"Scotty_Creek",2005,"0.400000005960464","pet",10,2007,3,3
"Scotty_Creek",2015,"0.300000011920929","pet",10,2017,3,3
"Smithsonian_Environmental_Research_Center",2000,"60","cld",11,2002,3,3
"Smithsonian_Environmental_Research_Center",1951,"1.60000002384186","pet",11,1953,3,3
"Smithsonian_Environmental_Research_Center",2014,"1.89999997615814","pet",11,2016,3,3
"Smithsonian_Environmental_Research_Center",2012,"6","vap",11,2014,3,3
"Harvard_Forest",1914,"1.10000002384186","pet",11,1917,4,4
"Harvard_Forest",1906,"1","pet",11,1908,3,3
"Harvard_Forest",1979,"1.39999997615814","pet",11,1981,3,3
"Smithsonian_Conservation_Biology_Institute",1996,"67.5","cld",11,2002,7,7
"Smithsonian_Conservation_Biology_Institute",1982,"1.70000004768372","pet",11,1984,3,3
"Lilly_Dickey_Woods",1996,"71.3000030517578","cld",11,2002,7,7
"Lilly_Dickey_Woods",1915,"1.70000004768372","pet",11,1917,3,3
"Lilly_Dickey_Woods",1986,"7.40000009536743","vap",11,1988,3,3
"Ordway-Swisher",1902,"2","pet",11,1904,3,3
"Ordway-Swisher",1918,"2.20000004768372","pet",11,1920,3,3
"Ordway-Swisher",1956,"2.40000009536743","pet",11,1958,3,3
"Yosemite_National_Park",1996,"57.5","cld",11,2002,7,7
"Yosemite_National_Park",1906,"1.80000007152557","pet",11,1908,3,3
"Yosemite_National_Park",1982,"1.30000007152557","pet",11,1984,3,3
"Yosemite_National_Park",1996,"1.39999997615814","pet",11,1998,3,3
"Yosemite_National_Park",2001,"1.39999997615814","pet",11,2003,3,3
"Wind_River",2005,"0.600000023841858","pet",11,2008,4,4
"Wind_River",1901,"0.600000023841858","pet",11,1903,3,3
"Wind_River",1930,"0.600000023841858","pet",11,1932,3,3
"Wind_River",1987,"7.59999990463257","vap",11,1989,3,3
"Utah_Forest_Dynamics_Plot",1996,"53.7999992370605","cld",11,2002,7,7
"Utah_Forest_Dynamics_Plot",1991,"1.80000007152557","pet",11,1993,3,3
"Huai_Kha_Khaeng",1901,"45","cld",11,1912,12,12
"Huai_Kha_Khaeng",1901,"11.6000003814697","dtr",11,1935,35,35
"Huai_Kha_Khaeng",1926,"2.90000009536743","pet",11,1929,4,4
"Huai_Kha_Khaeng",1938,"3","pet",11,1940,3,3
"Huai_Kha_Khaeng",1941,"2.79999995231628","pet",11,1943,3,3
"Huai_Kha_Khaeng",1945,"3","pet",11,1947,3,3
"Huai_Kha_Khaeng",1972,"2.79999995231628","pet",11,1974,3,3
"Huai_Kha_Khaeng",1950,"29.7000007629395","tmx",11,1952,3,3
"Barro_Colorado_Island",1901,"65","cld",11,1916,16,16
"Barro_Colorado_Island",1918,"65","cld",11,1930,13,13
"Barro_Colorado_Island",1992,"65","cld",11,1995,4,4
"Barro_Colorado_Island",1901,"5.90000009536743","dtr",11,1940,40,40
"Barro_Colorado_Island",1991,"5.90000009536743","dtr",11,1995,5,5
"Barro_Colorado_Island",1999,"5.90000009536743","dtr",11,2002,4,4
"Barro_Colorado_Island",1901,"2.90000009536743","pet",11,1920,20,20
"Barro_Colorado_Island",1926,"2.90000009536743","pet",11,1931,6,6
"Barro_Colorado_Island",1991,"2.90000009536743","pet",11,1996,6,6
"Barro_Colorado_Island",1937,"2.90000009536743","pet",11,1940,4,4
"Barro_Colorado_Island",1953,"3","pet",11,1956,4,4
"Barro_Colorado_Island",1963,"3","pet",11,1965,3,3
"Barro_Colorado_Island",1966,"2.90000009536743","pet",11,1968,3,3
"Barro_Colorado_Island",1997,"2.79999995231628","pet",11,1999,3,3
"Barro_Colorado_Island",1901,"500","pre",11,1925,25,25
"Barro_Colorado_Island",1928,"499.300018310547","pre",11,1932,5,5
"Barro_Colorado_Island",1901,"22.1000003814697","tmn",11,1914,14,14
"Barro_Colorado_Island",1916,"22.1000003814697","tmn",11,1920,5,5
"Barro_Colorado_Island",1931,"22.1000003814697","tmn",11,1933,3,3
"Barro_Colorado_Island",1901,"25","tmp",11,1914,14,14
"Barro_Colorado_Island",1916,"25","tmp",11,1920,5,5
"Barro_Colorado_Island",1931,"25","tmp",11,1933,3,3
"Barro_Colorado_Island",1901,"22.1000003814697","tmn",11,1914,14,14
"Barro_Colorado_Island",1916,"22.1000003814697","tmn",11,1920,5,5
"Barro_Colorado_Island",1931,"22.1000003814697","tmn",11,1933,3,3
"Barro_Colorado_Island",1901,"28","tmx",11,1914,14,14
"Barro_Colorado_Island",1916,"28","tmx",11,1920,5,5
"Barro_Colorado_Island",1931,"28","tmx",11,1933,3,3
"Barro_Colorado_Island",1962,"28.3999996185303","tmx",11,1964,3,3
"Barro_Colorado_Island",1990,"28.3000011444092","tmx",11,1992,3,3
"Barro_Colorado_Island",1901,"28.1000003814697","vap",11,1940,40,40
"Barro_Colorado_Island",1901,"23.89999962","wet",11,1926,26,26
"Zofin",1928,"0.800000011920929","pet",11,1930,3,3
"Zofin",1943,"0.5","pet",11,1945,3,3
"Zofin",1958,"0.600000023841858","pet",11,1960,3,3
"Zofin",2003,"0.600000023841858","pet",11,2005,3,3
"Scotty_Creek",1916,"60","cld",11,1918,3,3
"Scotty_Creek",1984,"1","vap",11,1986,3,3
"Smithsonian_Environmental_Research_Center",1999,"65","cld",12,2002,4,4
"Smithsonian_Environmental_Research_Center",1985,"1.39999997615814","pet",12,1987,3,3
"Harvard_Forest",1963,"0.699999988079071","pet",12,1966,4,4
"Harvard_Forest",1927,"0.900000035762787","pet",12,1929,3,3
"Harvard_Forest",1942,"0.800000011920929","pet",12,1944,3,3
"Harvard_Forest",1960,"0.600000023841858","pet",12,1962,3,3
"Harvard_Forest",1974,"0.900000035762787","pet",12,1976,3,3
"Harvard_Forest",1980,"0.900000035762787","pet",12,1982,3,3
"Harvard_Forest",2014,"0.900000035762787","pet",12,2016,3,3
"Harvard_Forest",1943,"2.79999995231628","vap",12,1945,3,3
"Smithsonian_Conservation_Biology_Institute",1999,"70","cld",12,2002,4,4
"Smithsonian_Conservation_Biology_Institute",2016,"1.20000004768372","pet",12,2019,4,4
"Smithsonian_Conservation_Biology_Institute",2003,"1.20000004768372","pet",12,2005,3,3
"Lilly_Dickey_Woods",1996,"73.8000030517578","cld",12,2002,7,7
"Lilly_Dickey_Woods",1992,"0.800000011920929","pet",12,1995,4,4
"Lilly_Dickey_Woods",1926,"0.900000035762787","pet",12,1928,3,3
"Lilly_Dickey_Woods",2007,"0.900000035762787","pet",12,2009,3,3
"Lilly_Dickey_Woods",2016,"0.900000035762787","pet",12,2018,3,3
"Ordway-Swisher",1999,"57.5","cld",12,2001,3,3
"Ordway-Swisher",1952,"1.89999997615814","pet",12,1955,4,4
"Ordway-Swisher",1902,"1.89999997615814","pet",12,1904,3,3
"Ordway-Swisher",1986,"2.10000014305115","pet",12,1988,3,3
"Yosemite_National_Park",1996,"61.2999992370605","cld",12,2002,7,7
"Yosemite_National_Park",1963,"1","pet",12,1968,6,6
"Yosemite_National_Park",1923,"1.20000004768372","pet",12,1926,4,4
"Yosemite_National_Park",1906,"1","pet",12,1908,3,3
"Yosemite_National_Park",1950,"1","pet",12,1952,3,3
"Yosemite_National_Park",1970,"1","pet",12,1972,3,3
"Yosemite_National_Park",1995,"1","pet",12,1997,3,3
"Yosemite_National_Park",2001,"1","pet",12,2003,3,3
"Yosemite_National_Park",1933,"2.40000009536743","tmp",12,1935,3,3
"Yosemite_National_Park",2006,"5","vap",12,2008,3,3
"Wind_River",2014,"0.400000005960464","pet",12,2017,4,4
"Wind_River",1943,"0.300000011920929","pet",12,1945,3,3
"Wind_River",1964,"0.400000005960464","pet",12,1966,3,3
"Wind_River",1976,"0.5","pet",12,1978,3,3
"Wind_River",1993,"0.400000005960464","pet",12,1995,3,3
"Wind_River",1997,"0.300000011920929","pet",12,1999,3,3
"Wind_River",2000,"0.600000023841858","pet",12,2002,3,3
"Wind_River",2005,"0.400000005960464","pet",12,2007,3,3
"Utah_Forest_Dynamics_Plot",1996,"55","cld",12,2002,7,7
"Utah_Forest_Dynamics_Plot",1918,"1.39999997615814","pet",12,1920,3,3
"Utah_Forest_Dynamics_Plot",1947,"1.20000004768372","pet",12,1949,3,3
"Utah_Forest_Dynamics_Plot",1952,"1.39999997615814","pet",12,1954,3,3
"Utah_Forest_Dynamics_Plot",2004,"1.30000007152557","pet",12,2006,3,3
"Utah_Forest_Dynamics_Plot",1952,"5.20000028610229","tmx",12,1954,3,3
"Huai_Kha_Khaeng",1901,"25","cld",12,1915,15,15
"Huai_Kha_Khaeng",1901,"15","dtr",12,1935,35,35
"Huai_Kha_Khaeng",1971,"2.90000009536743","pet",12,1975,5,5
"Huai_Kha_Khaeng",1927,"3.10000014305115","pet",12,1930,4,4
"Huai_Kha_Khaeng",1919,"3","pet",12,1921,3,3
"Huai_Kha_Khaeng",1924,"2.90000009536743","pet",12,1926,3,3
"Huai_Kha_Khaeng",1931,"2.90000009536743","pet",12,1933,3,3
"Huai_Kha_Khaeng",1942,"2.90000009536743","pet",12,1944,3,3
"Huai_Kha_Khaeng",1952,"3","pet",12,1954,3,3
"Huai_Kha_Khaeng",1965,"3","pet",12,1967,3,3
"Huai_Kha_Khaeng",2010,"3.10000014305115","pet",12,2012,3,3
"Huai_Kha_Khaeng",1946,"0.100000001490116","pre",12,1948,3,3
"Huai_Kha_Khaeng",1987,"0.01","wet",12,1990,4,4
"Huai_Kha_Khaeng",1927,"0.01","wet",12,1929,3,3
"Huai_Kha_Khaeng",1956,"0.01","wet",12,1958,3,3
"Huai_Kha_Khaeng",1978,"0.01","wet",12,1980,3,3
"Barro_Colorado_Island",1915,"60","cld",12,1924,10,10
"Barro_Colorado_Island",1901,"60","cld",12,1907,7,7
"Barro_Colorado_Island",1993,"60","cld",12,1995,3,3
"Barro_Colorado_Island",1901,"6.40000009536743","dtr",12,1940,40,40
"Barro_Colorado_Island",1991,"6.40000009536743","dtr",12,1997,7,7
"Barro_Colorado_Island",1999,"6.40000009536743","dtr",12,2001,3,3
"Barro_Colorado_Island",2005,"6.40000009536743","dtr",12,2007,3,3
"Barro_Colorado_Island",1901,"3","pet",12,1914,14,14
"Barro_Colorado_Island",1916,"3","pet",12,1924,9,9
"Barro_Colorado_Island",1931,"3","pet",12,1933,3,3
"Barro_Colorado_Island",1969,"3","pet",12,1971,3,3
"Barro_Colorado_Island",1993,"3.10000014305115","pet",12,1995,3,3
"Barro_Colorado_Island",1901,"267","pre",12,1925,25,25
"Barro_Colorado_Island",1927,"266.700012207031","pre",12,1930,4,4
"Barro_Colorado_Island",1901,"21.8000011444092","tmn",12,1914,14,14
"Barro_Colorado_Island",1917,"21.8000011444092","tmn",12,1920,4,4
"Barro_Colorado_Island",1921,"21.7000007629395","tmn",12,1923,3,3
"Barro_Colorado_Island",1901,"25","tmp",12,1914,14,14
"Barro_Colorado_Island",1917,"25","tmp",12,1920,4,4
"Barro_Colorado_Island",1921,"24.8999996185303","tmp",12,1923,3,3
"Barro_Colorado_Island",1901,"21.8000011444092","tmn",12,1914,14,14
"Barro_Colorado_Island",1917,"21.8000011444092","tmn",12,1920,4,4
"Barro_Colorado_Island",1921,"21.7000007629395","tmn",12,1923,3,3
"Barro_Colorado_Island",1901,"28.2000007629395","tmx",12,1914,14,14
"Barro_Colorado_Island",1917,"28.2000007629395","tmx",12,1920,4,4
"Barro_Colorado_Island",1921,"28.1000003814697","tmx",12,1923,3,3
"Barro_Colorado_Island",1901,"27.2000007629395","vap",12,1940,40,40
"Barro_Colorado_Island",1901,"16.79999924","wet",12,1926,26,26
"Barro_Colorado_Island",1927,"16.78999901","wet",12,1931,5,5
"Zofin",1909,"77.5","cld",12,1911,3,3
"Zofin",1989,"0.400000005960464","pet",12,1992,4,4
"Zofin",1930,"0.300000011920929","pet",12,1932,3,3
"Zofin",1968,"0.100000001490116","pet",12,1970,3,3
"Zofin",2006,"0.400000005960464","pet",12,2008,3,3
"Zofin",2013,"0.5","pet",12,2015,3,3
"Scotty_Creek",1956,"1","vap",12,1958,3,3
"Scotty_Creek",1965,"1.10000002384186","vap",12,1967,3,3
"Scotty_Creek",1970,"0.5","vap",12,1972,3,3
